S.No.,Benchmark,Vars,Clauses,Size of sampling set,WeightGen,WAPS(Compilation Time),WAPS(A+S),WAPS(Total),Speedup on WeightGen
1,fs-01.net,32,38,32,1.33,0,0.43,0.43,3.09
2,s526_15_7,452,1303,22,652.48,91.66,31.15,122.81,5.31
3,blockmap_05_01.net,1411,2737,1411,24.88,0.02,3.87,3.89,6.4
4,s526a_3_2,366,944,22,490.34,15.37,1.96,17.33,28.29
5,LoginService2.sk_23_36,11511,41411,34,1203.93,15.02,0.75,15.77,76.34
6,Bench_blasted_287_1263_case110,287,1263,287,131.75,0.03,1.02,1.05,125.48
7,or-100-10-4-UC-60,200,500,200,138.77,0,0.65,0.65,213.49
8,blockmap_05_02.net,1738,3452,1738,1140.87,0.04,5.3,5.34,213.65
9,or-50-10-8-UC-40,100,250,100,135.6,0,0.45,0.45,301.33
10,or-50-5-5-UC-40,100,250,100,131.88,0,0.42,0.42,314
11,or-50-10-8-UC-30,100,250,100,204.64,0,0.43,0.43,475.91
12,or-100-5-10-UC-60,200,500,200,338.03,0,0.71,0.71,476.1
13,or-70-5-6-UC-40,140,350,140,266,0,0.51,0.51,521.57
14,or-100-5-8-UC-60,200,500,200,358.42,0,0.67,0.67,534.96
15,s526_3_2,365,943,22,417.24,0.06,0.67,0.73,571.56
16,or-50-10-1-UC-40,100,250,100,288.36,0,0.37,0.37,779.35
17,or-100-5-1-UC-60,200,500,200,773.29,0,0.78,0.78,991.4
18,or-50-5-1-UC-40,100,250,100,412.91,0,0.37,0.37,1115.97
19,or-50-5-6-UC-40,100,250,100,592.34,0,0.48,0.48,1234.04
20,or-60-5-4-UC-40,120,300,120,883.85,0,0.54,0.54,1636.76
21,or-50-5-9-UC-40,100,250,100,743.1,0.01,0.41,0.42,1769.29
22,or-50-5-8-UC-40,100,250,100,760.44,0,0.42,0.42,1810.57
23,or-100-5-4-UC-60,200,500,200,1795.52,0,0.74,0.74,2426.38
24,or-50-5-10-UC-40,100,250,100,1292.67,0,0.36,0.36,3590.75
25,s27_new_3_2,17,31,5,TO,0,0.34,0.34,-
26,or-50-5-10-UC-30,100,250,100,TO,0,0.36,0.36,-
27,or-50-10-7-UC-40,100,250,100,TO,0,0.37,0.37,-
28,or-50-5-1-UC-30,100,250,100,TO,0,0.37,0.37,-
29,or-50-5-2-UC-40,100,250,100,TO,0,0.38,0.38,-
30,or-50-10-1-UC-30,100,250,100,TO,0,0.4,0.4,-
31,or-50-5-5-UC-30,100,250,100,TO,0,0.41,0.41,-
32,or-50-10-10-UC-30,100,250,100,TO,0,0.42,0.42,-
33,or-50-5-8-UC-30,100,250,100,TO,0,0.42,0.42,-
34,s27_15_7,32,103,5,TO,0,0.42,0.42,-
35,or-50-10-8-UC-20,100,250,100,TO,0,0.43,0.43,-
36,or-50-5-7-UC-40,100,250,100,TO,0,0.43,0.43,-
37,or-50-10-7-UC-30,100,250,100,TO,0.01,0.43,0.44,-
38,or-60-10-2-UC-40,120,300,120,TO,0,0.44,0.44,-
39,or-60-5-2-UC-40,120,300,120,TO,0,0.44,0.44,-
40,or-50-10-1-UC-20,100,250,100,TO,0.01,0.44,0.45,-
41,or-50-10-6-UC-40,100,250,100,TO,0,0.45,0.45,-
42,or-50-5-4-UC-40,100,250,100,TO,0.01,0.44,0.45,-
43,or-50-10-10-UC-20,100,250,100,TO,0.01,0.45,0.46,-
44,or-50-10-10-UC-40,100,250,100,TO,0,0.46,0.46,-
45,or-50-5-3-UC-20,100,250,100,TO,0,0.46,0.46,-
46,or-50-5-3-UC-40,100,250,100,TO,0,0.46,0.46,-
47,or-60-5-10-UC-40,120,300,120,TO,0,0.46,0.46,-
48,or-50-10-2-UC-40,100,250,100,TO,0,0.47,0.47,-
49,or-50-20-7-UC-40,100,250,100,TO,0,0.47,0.47,-
50,or-50-5-6-UC-30,100,250,100,TO,0,0.47,0.47,-
51,or-60-10-4-UC-30,120,300,120,TO,0,0.47,0.47,-
52,or-60-5-10-UC-30,120,300,120,TO,0,0.47,0.47,-
53,or-60-5-2-UC-30,120,300,120,TO,0,0.47,0.47,-
54,or-60-5-6-UC-40,120,300,120,TO,0,0.47,0.47,-
55,or-60-5-9-UC-40,120,300,120,TO,0,0.47,0.47,-
56,s1488_15_7,941,2783,12,TO,0.08,0.39,0.47,-
57,or-50-5-7-UC-30,100,250,100,TO,0.01,0.47,0.48,-
58,or-50-20-8-UC-40,100,250,100,TO,0.01,0.48,0.49,-
59,or-50-5-10-UC-20,100,250,100,TO,0.01,0.48,0.49,-
60,or-50-5-6-UC-20,100,250,100,TO,0,0.49,0.49,-
61,or-60-10-2-UC-30,120,300,120,TO,0,0.49,0.49,-
62,or-60-10-9-UC-40,120,300,120,TO,0,0.49,0.49,-
63,or-60-5-3-UC-40,120,300,120,TO,0,0.49,0.49,-
64,or-50-5-3-UC-30,100,250,100,TO,0,0.5,0.5,-
65,or-60-10-4-UC-40,120,300,120,TO,0,0.5,0.5,-
66,or-60-10-9-UC-30,120,300,120,TO,0,0.5,0.5,-
67,or-60-5-3-UC-30,120,300,120,TO,0,0.5,0.5,-
68,or-60-5-9-UC-30,120,300,120,TO,0.01,0.49,0.5,-
69,or-60-5-7-UC-40,120,300,120,TO,0.01,0.5,0.51,-
70,or-70-10-3-UC-40,140,350,140,TO,0,0.51,0.51,-
71,or-70-5-1-UC-40,140,350,140,TO,0,0.51,0.51,-
72,or-70-5-2-UC-40,140,350,140,TO,0,0.51,0.51,-
73,or-70-5-5-UC-40,140,350,140,TO,0,0.51,0.51,-
74,or-70-5-7-UC-40,140,350,140,TO,0,0.51,0.51,-
75,or-50-10-3-UC-40,100,250,100,TO,0.01,0.51,0.52,-
76,or-60-20-9-UC-40,120,300,120,TO,0,0.52,0.52,-
77,or-60-5-1-UC-40,120,300,120,TO,0,0.52,0.52,-
78,or-60-5-6-UC-20,120,300,120,TO,0.01,0.51,0.52,-
79,or-50-10-2-UC-20,100,250,100,TO,0,0.53,0.53,-
80,or-50-10-4-UC-40,100,250,100,TO,0.01,0.52,0.53,-
81,or-50-5-2-UC-30,100,250,100,TO,0,0.53,0.53,-
82,or-60-5-5-UC-40,120,300,120,TO,0,0.53,0.53,-
83,or-60-5-8-UC-40,120,300,120,TO,0,0.53,0.53,-
84,or-70-5-8-UC-30,140,350,140,TO,0.01,0.52,0.53,-
85,or-70-5-8-UC-40,140,350,140,TO,0,0.53,0.53,-
86,or-60-10-10-UC-40,120,300,120,TO,0.01,0.53,0.54,-
87,or-60-5-4-UC-30,120,300,120,TO,0,0.54,0.54,-
88,or-60-5-5-UC-30,120,300,120,TO,0.01,0.53,0.54,-
89,or-70-5-3-UC-20,140,350,140,TO,0,0.54,0.54,-
90,or-60-10-7-UC-30,120,300,120,TO,0.01,0.54,0.55,-
91,or-60-20-2-UC-40,120,300,120,TO,0,0.55,0.55,-
92,or-60-20-9-UC-30,120,300,120,TO,0,0.55,0.55,-
93,or-70-10-10-UC-40,140,350,140,TO,0.01,0.54,0.55,-
94,or-70-5-3-UC-40,140,350,140,TO,0,0.55,0.55,-
95,or-70-5-5-UC-30,140,350,140,TO,0,0.55,0.55,-
96,or-70-5-9-UC-40,140,350,140,TO,0,0.55,0.55,-
97,s1488_3_2,854,2423,12,TO,0.07,0.48,0.55,-
98,s1488_7_4,872,2499,12,TO,0.08,0.47,0.55,-
99,or-50-10-2-UC-30,100,250,100,TO,0.01,0.55,0.56,-
100,or-50-5-9-UC-30,100,250,100,TO,0,0.56,0.56,-
101,or-60-10-8-UC-40,120,300,120,TO,0,0.56,0.56,-
102,or-60-20-8-UC-40,120,300,120,TO,0,0.56,0.56,-
103,or-60-5-6-UC-30,120,300,120,TO,0,0.56,0.56,-
104,or-60-5-8-UC-30,120,300,120,TO,0,0.56,0.56,-
105,or-60-5-9-UC-20,120,300,120,TO,0.02,0.54,0.56,-
106,or-70-10-10-UC-30,140,350,140,TO,0.01,0.55,0.56,-
107,or-70-5-2-UC-30,140,350,140,TO,0,0.56,0.56,-
108,or-50-10-3-UC-30,100,250,100,TO,0,0.57,0.57,-
109,or-50-20-9-UC-40,100,250,100,TO,0,0.57,0.57,-
110,or-60-10-6-UC-40,120,300,120,TO,0,0.57,0.57,-
111,or-60-20-2-UC-30,120,300,120,TO,0.01,0.56,0.57,-
112,or-60-5-7-UC-30,120,300,120,TO,0.01,0.56,0.57,-
113,or-70-10-6-UC-40,140,350,140,TO,0,0.57,0.57,-
114,or-50-10-4-UC-30,100,250,100,TO,0.01,0.57,0.58,-
115,or-50-5-7-UC-20,100,250,100,TO,0.02,0.56,0.58,-
116,or-60-10-10-UC-30,120,300,120,TO,0.01,0.57,0.58,-
117,or-60-5-4-UC-20,120,300,120,TO,0,0.58,0.58,-
118,or-70-10-8-UC-40,140,350,140,TO,0,0.58,0.58,-
119,or-70-10-9-UC-40,140,350,140,TO,0.01,0.57,0.58,-
120,or-70-5-4-UC-40,140,350,140,TO,0,0.58,0.58,-
121,or-70-5-7-UC-30,140,350,140,TO,0,0.58,0.58,-
122,or-70-5-9-UC-30,140,350,140,TO,0.01,0.57,0.58,-
123,or-50-10-9-UC-30,100,250,100,TO,0.01,0.58,0.59,-
124,or-50-20-1-UC-40,100,250,100,TO,0,0.59,0.59,-
125,or-70-10-3-UC-30,140,350,140,TO,0,0.59,0.59,-
126,or-70-5-10-UC-40,140,350,140,TO,0,0.59,0.59,-
127,or-100-5-4-UC-50,200,500,200,TO,0,0.6,0.6,-
128,or-60-5-1-UC-30,120,300,120,TO,0.02,0.58,0.6,-
129,or-60-5-8-UC-20,120,300,120,TO,0.01,0.59,0.6,-
130,or-70-10-1-UC-40,140,350,140,TO,0,0.6,0.6,-
131,or-70-5-1-UC-20,140,350,140,TO,0.01,0.59,0.6,-
132,or-60-10-6-UC-30,120,300,120,TO,0.01,0.6,0.61,-
133,or-70-10-2-UC-40,140,350,140,TO,0,0.61,0.61,-
134,or-50-20-8-UC-30,100,250,100,TO,0,0.62,0.62,-
135,or-50-20-9-UC-30,100,250,100,TO,0.01,0.61,0.62,-
136,or-60-10-8-UC-30,120,300,120,TO,0,0.62,0.62,-
137,or-70-10-5-UC-40,140,350,140,TO,0,0.62,0.62,-
138,or-70-10-8-UC-30,140,350,140,TO,0,0.62,0.62,-
139,or-100-10-1-UC-40,200,500,200,TO,0,0.63,0.63,-
140,or-100-10-1-UC-50,200,500,200,TO,0,0.63,0.63,-
141,or-60-10-4-UC-20,120,300,120,TO,0.02,0.61,0.63,-
142,or-60-10-5-UC-40,120,300,120,TO,0.01,0.62,0.63,-
143,or-70-20-9-UC-40,140,350,140,TO,0,0.63,0.63,-
144,s382_7_4,281,711,22,TO,0.01,0.62,0.63,-
145,or-60-20-8-UC-30,120,300,120,TO,0,0.64,0.64,-
146,or-70-5-3-UC-30,140,350,140,TO,0.01,0.63,0.64,-
147,s820a_3_2,598,1627,21,TO,0.01,0.63,0.64,-
148,or-100-10-1-UC-60,200,500,200,TO,0,0.65,0.65,-
149,or-100-10-8-UC-60,200,500,200,TO,0,0.65,0.65,-
150,or-50-10-5-UC-40,100,250,100,TO,0.01,0.64,0.65,-
151,or-50-20-6-UC-40,100,250,100,TO,0,0.65,0.65,-
152,or-70-10-5-UC-30,140,350,140,TO,0.01,0.64,0.65,-
153,or-70-20-9-UC-30,140,350,140,TO,0,0.65,0.65,-
154,s382_3_2,263,635,22,TO,0.01,0.64,0.65,-
155,or-50-20-6-UC-30,100,250,100,TO,0.01,0.65,0.66,-
156,or-70-5-9-UC-20,140,350,140,TO,0.02,0.64,0.66,-
157,s832a_3_2,606,1657,21,TO,0.01,0.65,0.66,-
158,or-100-10-4-UC-50,200,500,200,TO,0,0.67,0.67,-
159,or-50-5-3-UC-10,100,250,100,TO,0.02,0.65,0.67,-
160,or-60-10-7-UC-40,120,300,120,TO,0.01,0.66,0.67,-
161,or-70-5-6-UC-30,140,350,140,TO,0.02,0.65,0.67,-
162,or-100-10-3-UC-60,200,500,200,TO,0,0.68,0.68,-
163,or-100-5-5-UC-50,200,500,200,TO,0,0.68,0.68,-
164,or-100-5-9-UC-40,200,500,200,TO,0,0.68,0.68,-
165,or-60-10-5-UC-30,120,300,120,TO,0.01,0.67,0.68,-
166,or-70-5-10-UC-30,140,350,140,TO,0.02,0.66,0.68,-
167,or-100-5-3-UC-50,200,500,200,TO,0,0.69,0.69,-
168,or-100-5-9-UC-50,200,500,200,TO,0,0.69,0.69,-
169,or-50-20-10-UC-40,100,250,100,TO,0.02,0.67,0.69,-
170,or-50-20-7-UC-30,100,250,100,TO,0.01,0.68,0.69,-
171,or-60-10-5-UC-20,120,300,120,TO,0.01,0.68,0.69,-
172,or-60-10-9-UC-20,120,300,120,TO,0.02,0.67,0.69,-
173,or-60-5-5-UC-20,120,300,120,TO,0.01,0.68,0.69,-
174,or-70-10-6-UC-30,140,350,140,TO,0,0.69,0.69,-
175,or-70-5-1-UC-30,140,350,140,TO,0,0.69,0.69,-
176,or-100-10-8-UC-50,200,500,200,TO,0.01,0.69,0.7,-
177,or-100-5-10-UC-50,200,500,200,TO,0,0.7,0.7,-
178,or-100-5-9-UC-60,200,500,200,TO,0,0.7,0.7,-
179,or-50-5-6-UC-10,100,250,100,TO,0.04,0.66,0.7,-
180,or-60-5-7-UC-20,120,300,120,TO,0.02,0.68,0.7,-
181,or-100-10-3-UC-40,200,500,200,TO,0,0.71,0.71,-
182,or-100-10-3-UC-50,200,500,200,TO,0,0.71,0.71,-
183,or-100-5-2-UC-60,200,500,200,TO,0,0.71,0.71,-
184,or-50-10-9-UC-40,100,250,100,TO,0.01,0.7,0.71,-
185,or-60-20-3-UC-40,120,300,120,TO,0.01,0.7,0.71,-
186,or-60-5-2-UC-20,120,300,120,TO,0.03,0.68,0.71,-
187,or-70-10-2-UC-30,140,350,140,TO,0.02,0.69,0.71,-
188,or-70-10-8-UC-20,140,350,140,TO,0.01,0.7,0.71,-
189,or-100-10-2-UC-50,200,500,200,TO,0.01,0.71,0.72,-
190,or-100-5-7-UC-60,200,500,200,TO,0,0.72,0.72,-
191,or-60-20-7-UC-40,120,300,120,TO,0.01,0.71,0.72,-
192,or-70-20-6-UC-30,140,350,140,TO,0.01,0.71,0.72,-
193,s298_7_4,223,586,15,TO,0.16,0.56,0.72,-
194,s344_7_4,215,540,22,TO,0.07,0.65,0.72,-
195,s444_15_7,377,1072,22,TO,0.14,0.58,0.72,-
196,s832a_15_7,693,2017,21,TO,0.04,0.68,0.72,-
197,or-100-10-5-UC-60,200,500,200,TO,0,0.73,0.73,-
198,or-100-10-6-UC-50,200,500,200,TO,0,0.73,0.73,-
199,or-100-5-4-UC-40,200,500,200,TO,0.01,0.72,0.73,-
200,or-100-5-6-UC-60,200,500,200,TO,0,0.73,0.73,-
201,or-50-20-3-UC-40,100,250,100,TO,0.01,0.72,0.73,-
202,or-50-5-1-UC-20,100,250,100,TO,0.04,0.69,0.73,-
203,or-70-10-1-UC-30,140,350,140,TO,0.01,0.72,0.73,-
204,or-70-10-9-UC-20,140,350,140,TO,0.02,0.71,0.73,-
205,or-100-5-5-UC-60,200,500,200,TO,0.01,0.73,0.74,-
206,or-70-10-7-UC-40,140,350,140,TO,0.02,0.72,0.74,-
207,or-100-10-2-UC-60,200,500,200,TO,0,0.75,0.75,-
208,or-100-10-6-UC-40,200,500,200,TO,0,0.75,0.75,-
209,or-100-10-6-UC-60,200,500,200,TO,0,0.75,0.75,-
210,or-100-5-2-UC-50,200,500,200,TO,0,0.75,0.75,-
211,or-100-5-9-UC-30,200,500,200,TO,0.01,0.74,0.75,-
212,or-50-5-4-UC-30,100,250,100,TO,0.05,0.7,0.75,-
213,or-70-20-6-UC-40,140,350,140,TO,0.01,0.74,0.75,-
214,s510_15_7,340,948,23,TO,0.01,0.74,0.75,-
215,or-100-5-1-UC-30,200,500,200,TO,0.01,0.75,0.76,-
216,or-100-5-7-UC-40,200,500,200,TO,0.01,0.75,0.76,-
217,or-70-10-9-UC-30,140,350,140,TO,0.02,0.74,0.76,-
218,or-70-20-4-UC-40,140,350,140,TO,0,0.76,0.76,-
219,or-100-5-1-UC-50,200,500,200,TO,0,0.77,0.77,-
220,or-100-5-8-UC-50,200,500,200,TO,0,0.77,0.77,-
221,s444_3_2,290,712,22,TO,0.01,0.76,0.77,-
222,s510_3_2,298,768,23,TO,0.01,0.76,0.77,-
223,s832a_7_4,624,1733,21,TO,0.02,0.75,0.77,-
224,or-100-10-2-UC-40,200,500,200,TO,0.01,0.77,0.78,-
225,or-100-5-1-UC-40,200,500,200,TO,0,0.78,0.78,-
226,or-100-5-7-UC-50,200,500,200,TO,0,0.78,0.78,-
227,or-100-5-8-UC-40,200,500,200,TO,0.01,0.77,0.78,-
228,or-50-20-1-UC-30,100,250,100,TO,0.02,0.76,0.78,-
229,or-70-20-9-UC-20,140,350,140,TO,0.01,0.77,0.78,-
230,s344_3_2,197,464,22,TO,0.04,0.74,0.78,-
231,or-100-5-3-UC-40,200,500,200,TO,0,0.79,0.79,-
232,or-50-20-3-UC-30,100,250,100,TO,0.02,0.77,0.79,-
233,or-50-20-5-UC-40,100,250,100,TO,0.02,0.77,0.79,-
234,or-100-10-10-UC-50,200,500,200,TO,0,0.8,0.8,-
235,or-100-10-5-UC-50,200,500,200,TO,0.01,0.79,0.8,-
236,or-100-10-7-UC-60,200,500,200,TO,0,0.8,0.8,-
237,or-100-5-10-UC-30,200,500,200,TO,0.01,0.79,0.8,-
238,or-100-5-5-UC-40,200,500,200,TO,0,0.8,0.8,-
239,or-60-20-1-UC-30,120,300,120,TO,0.02,0.78,0.8,-
240,s510_7_4,316,844,23,TO,0.01,0.79,0.8,-
241,s820a_7_4,616,1703,21,TO,0.01,0.79,0.8,-
242,or-100-10-10-UC-60,200,500,200,TO,0,0.81,0.81,-
243,or-100-10-1-UC-30,200,500,200,TO,0.02,0.79,0.81,-
244,or-100-10-4-UC-40,200,500,200,TO,0.02,0.8,0.82,-
245,or-60-20-8-UC-20,120,300,120,TO,0.03,0.79,0.82,-
246,or-70-5-3-UC-10,140,350,140,TO,0.04,0.79,0.83,-
247,or-100-5-3-UC-60,200,500,200,TO,0,0.84,0.84,-
248,or-100-5-6-UC-50,200,500,200,TO,0,0.84,0.84,-
249,or-60-10-6-UC-20,120,300,120,TO,0.04,0.8,0.84,-
250,or-100-10-7-UC-50,200,500,200,TO,0.01,0.84,0.85,-
251,or-100-10-10-UC-40,200,500,200,TO,0,0.86,0.86,-
252,or-100-20-9-UC-50,200,500,200,TO,0,0.86,0.86,-
253,or-60-20-1-UC-40,120,300,120,TO,0.03,0.83,0.86,-
254,or-60-20-9-UC-20,120,300,120,TO,0.03,0.83,0.86,-
255,or-100-5-10-UC-40,200,500,200,TO,0,0.87,0.87,-
256,or-100-5-2-UC-40,200,500,200,TO,0.02,0.85,0.87,-
257,or-100-20-6-UC-60,200,500,200,TO,0,0.88,0.88,-
258,or-100-20-9-UC-40,200,500,200,TO,0.01,0.88,0.89,-
259,or-100-5-6-UC-40,200,500,200,TO,0,0.89,0.89,-
260,or-50-20-2-UC-40,100,250,100,TO,0.02,0.87,0.89,-
261,or-50-20-9-UC-20,100,250,100,TO,0.03,0.86,0.89,-
262,or-60-20-10-UC-40,120,300,120,TO,0.03,0.86,0.89,-
263,s820a_15_7,685,1987,21,TO,0.03,0.86,0.89,-
264,or-60-10-1-UC-40,120,300,120,TO,0.03,0.88,0.91,-
265,or-100-10-8-UC-40,200,500,200,TO,0.03,0.89,0.92,-
266,or-100-10-9-UC-60,200,500,200,TO,0,0.92,0.92,-
267,or-100-20-3-UC-50,200,500,200,TO,0,0.93,0.93,-
268,or-100-20-3-UC-60,200,500,200,TO,0,0.93,0.93,-
269,or-50-10-6-UC-30,100,250,100,TO,0.03,0.9,0.93,-
270,or-50-20-4-UC-40,100,250,100,TO,0.03,0.9,0.93,-
271,or-100-5-6-UC-30,200,500,200,TO,0.01,0.93,0.94,-
272,or-50-5-8-UC-20,100,250,100,TO,0.04,0.9,0.94,-
273,or-70-10-4-UC-40,140,350,140,TO,0.04,0.9,0.94,-
274,s420_new_15_7,351,934,32,TO,0.03,0.91,0.94,-
275,s420_new_7_4,312,770,32,TO,0.01,0.93,0.94,-
276,or-50-10-8-UC-10,100,250,100,TO,0.07,0.88,0.95,-
277,or-50-20-3-UC-20,100,250,100,TO,0.02,0.93,0.95,-
278,or-60-10-3-UC-40,120,300,120,TO,0.04,0.91,0.95,-
279,s420_3_2,294,694,32,TO,0,0.95,0.95,-
280,or-100-10-9-UC-50,200,500,200,TO,0.01,0.95,0.96,-
281,or-100-5-3-UC-20,200,500,200,TO,0.03,0.94,0.97,-
282,or-50-5-9-UC-20,100,250,100,TO,0.07,0.9,0.97,-
283,s420_7_4,312,770,32,TO,0.01,0.96,0.97,-
284,s420_new1_7_4,312,770,32,TO,0.01,0.96,0.97,-
285,or-100-20-5-UC-60,200,500,200,TO,0,0.98,0.98,-
286,or-100-20-9-UC-60,200,500,200,TO,0.01,0.99,1,-
287,s420_new1_15_7,366,994,32,TO,0.06,0.94,1,-
288,s420_new_3_2,294,694,32,TO,0,1,1,-
289,or-100-20-1-UC-50,200,500,200,TO,0,1.02,1.02,-
290,or-60-5-10-UC-20,120,300,120,TO,0.06,0.97,1.03,-
291,s420_new1_3_2,294,694,32,TO,0.01,1.02,1.03,-
292,or-70-10-1-UC-20,140,350,140,TO,0.04,1,1.04,-
293,or-70-10-7-UC-30,140,350,140,TO,0.05,0.99,1.04,-
294,or-60-20-3-UC-30,120,300,120,TO,0.04,1.02,1.06,-
295,or-70-20-2-UC-40,140,350,140,TO,0.04,1.02,1.06,-
296,or-100-5-3-UC-30,200,500,200,TO,0.02,1.06,1.08,-
297,or-60-10-7-UC-20,120,300,120,TO,0.06,1.02,1.08,-
298,or-50-10-2-UC-10,100,250,100,TO,0.06,1.03,1.09,-
299,s420_15_7,366,994,32,TO,0.06,1.03,1.09,-
300,or-50-10-4-UC-20,100,250,100,TO,0.06,1.04,1.1,-
301,s349_3_2,198,469,22,TO,0.31,0.79,1.1,-
302,or-100-20-1-UC-60,200,500,200,TO,0.01,1.11,1.12,-
303,or-100-20-7-UC-60,200,500,200,TO,0,1.12,1.12,-
304,or-50-20-10-UC-30,100,250,100,TO,0.05,1.07,1.12,-
305,or-100-10-10-UC-30,200,500,200,TO,0.02,1.11,1.13,-
306,or-50-10-6-UC-20,100,250,100,TO,0.07,1.07,1.14,-
307,or-50-20-5-UC-30,100,250,100,TO,0.07,1.11,1.18,-
308,or-60-10-10-UC-20,120,300,120,TO,0.05,1.13,1.18,-
309,or-70-20-7-UC-40,140,350,140,TO,0.04,1.14,1.18,-
310,or-100-20-8-UC-60,200,500,200,TO,0.01,1.19,1.2,-
311,or-50-20-8-UC-20,100,250,100,TO,0.03,1.17,1.2,-
312,or-50-20-7-UC-20,100,250,100,TO,0.06,1.15,1.21,-
313,s344_15_7,284,824,22,TO,0.58,0.65,1.23,-
314,or-50-5-5-UC-20,100,250,100,TO,0.08,1.16,1.24,-
315,s1196a_3_2,690,1805,30,TO,0.42,0.86,1.28,-
316,or-100-20-10-UC-60,200,500,200,TO,0.02,1.27,1.29,-
317,s298_15_7,292,870,15,TO,0.63,0.68,1.31,-
318,or-50-10-5-UC-30,100,250,100,TO,0.07,1.26,1.33,-
319,or-100-20-5-UC-50,200,500,200,TO,0.04,1.3,1.34,-
320,or-50-10-7-UC-20,100,250,100,TO,0.13,1.21,1.34,-
321,or-100-5-8-UC-30,200,500,200,TO,0.1,1.25,1.35,-
322,or-50-20-4-UC-30,100,250,100,TO,0.05,1.3,1.35,-
323,s1238a_3_2,686,1850,30,TO,0.46,0.91,1.37,-
324,s1196a_7_4,708,1881,30,TO,0.56,0.83,1.39,-
325,or-70-20-4-UC-30,140,350,140,TO,0.04,1.37,1.41,-
326,or-50-10-10-UC-10,100,250,100,TO,0.07,1.36,1.43,-
327,or-70-10-3-UC-20,140,350,140,TO,0.05,1.43,1.48,-
328,or-50-20-2-UC-30,100,250,100,TO,0.07,1.42,1.49,-
329,s953a_7_4,533,1373,43,TO,0.22,1.27,1.49,-
330,or-100-10-5-UC-40,200,500,200,TO,0.08,1.42,1.5,-
331,or-60-5-4-UC-10,120,300,120,TO,0.11,1.4,1.51,-
332,or-50-5-10-UC-10,100,250,100,TO,0.12,1.41,1.53,-
333,or-60-20-5-UC-40,120,300,120,TO,0.05,1.48,1.53,-
334,or-100-5-7-UC-30,200,500,200,TO,0.07,1.48,1.55,-
335,or-50-20-4-UC-20,100,250,100,TO,0.09,1.46,1.55,-
336,or-100-20-8-UC-50,200,500,200,TO,0.06,1.5,1.56,-
337,s1238a_7_4,704,1926,30,TO,0.57,1.02,1.59,-
338,or-60-20-3-UC-20,120,300,120,TO,0.09,1.51,1.6,-
339,or-100-10-7-UC-40,200,500,200,TO,0.08,1.53,1.61,-
340,or-70-20-7-UC-30,140,350,140,TO,0.09,1.52,1.61,-
341,s953a_3_2,515,1297,43,TO,0.2,1.41,1.61,-
342,or-50-10-9-UC-20,100,250,100,TO,0.14,1.49,1.63,-
343,or-60-10-8-UC-20,120,300,120,TO,0.11,1.53,1.64,-
344,or-60-5-1-UC-20,120,300,120,TO,0.14,1.51,1.65,-
345,s953a_15_7,602,1657,43,TO,0.37,1.3,1.67,-
346,or-50-5-2-UC-20,100,250,100,TO,0.17,1.52,1.69,-
347,or-60-20-10-UC-30,120,300,120,TO,0.06,1.64,1.7,-
348,or-70-20-5-UC-40,140,350,140,TO,0.09,1.61,1.7,-
349,or-100-20-4-UC-60,200,500,200,TO,0.04,1.69,1.73,-
350,or-70-20-3-UC-40,140,350,140,TO,0.08,1.71,1.79,-
351,or-70-5-10-UC-20,140,350,140,TO,0.22,1.59,1.81,-
352,or-60-20-1-UC-20,120,300,120,TO,0.1,1.77,1.87,-
353,s349_15_7,285,829,22,TO,1.24,0.64,1.88,-
354,or-60-10-1-UC-30,120,300,120,TO,0.14,1.75,1.89,-
355,or-60-10-3-UC-30,120,300,120,TO,0.08,1.81,1.89,-
356,or-70-5-4-UC-30,140,350,140,TO,0.1,1.79,1.89,-
357,or-50-20-6-UC-20,100,250,100,TO,0.1,1.82,1.92,-
358,or-100-5-4-UC-30,200,500,200,TO,0.12,1.82,1.94,-
359,s838_3_2,598,1414,64,TO,0.04,1.9,1.94,-
360,or-100-20-2-UC-40,200,500,200,TO,0.08,1.89,1.97,-
361,blasted_case35,400,1414,44,TO,0.57,1.46,2.03,-
362,s838_7_4,616,1490,64,TO,0.08,1.99,2.07,-
363,or-60-10-8-UC-10,120,300,120,TO,0.17,1.91,2.08,-
364,or-100-5-6-UC-20,200,500,200,TO,0.14,1.98,2.12,-
365,or-70-10-5-UC-20,140,350,140,TO,0.13,2.06,2.19,-
366,or-50-20-8-UC-10,100,250,100,TO,0.18,2.02,2.2,-
367,or-100-5-5-UC-30,200,500,200,TO,0.08,2.13,2.21,-
368,or-70-20-10-UC-40,140,350,140,TO,0.13,2.08,2.21,-
369,or-70-5-9-UC-10,140,350,140,TO,0.12,2.1,2.22,-
370,or-50-10-3-UC-20,100,250,100,TO,0.14,2.14,2.28,-
371,or-60-5-1-UC-10,120,300,120,TO,0.23,2.05,2.28,-
372,or-60-5-10-UC-10,120,300,120,TO,0.18,2.12,2.3,-
373,or-100-20-6-UC-50,200,500,200,TO,0.15,2.21,2.36,-
374,or-100-10-10-UC-20,200,500,200,TO,0.13,2.3,2.43,-
375,or-70-10-10-UC-20,140,350,140,TO,0.22,2.33,2.55,-
376,or-70-20-8-UC-40,140,350,140,TO,0.15,2.45,2.6,-
377,or-100-20-4-UC-50,200,500,200,TO,0.19,2.48,2.67,-
378,or-100-10-6-UC-30,200,500,200,TO,0.26,2.45,2.71,-
379,s1238a_15_7,773,2210,30,TO,1.75,1.03,2.78,-
380,s838_15_7,685,1774,64,TO,0.55,2.25,2.8,-
381,or-100-10-4-UC-30,200,500,200,TO,0.2,2.61,2.81,-
382,or-50-20-10-UC-20,100,250,100,TO,0.21,2.72,2.93,-
383,or-100-10-7-UC-30,200,500,200,TO,0.19,2.77,2.96,-
384,or-70-20-1-UC-40,140,350,140,TO,0.08,3.04,3.12,-
385,or-70-5-7-UC-20,140,350,140,TO,0.18,2.94,3.12,-
386,or-50-20-1-UC-20,100,250,100,TO,0.16,2.98,3.14,-
387,or-50-20-4-UC-10,100,250,100,TO,0.18,3,3.18,-
388,or-100-20-10-UC-50,200,500,200,TO,0.18,3.21,3.39,-
389,or-60-5-7-UC-10,120,300,120,TO,0.24,3.23,3.47,-
390,or-50-10-5-UC-20,100,250,100,TO,0.31,3.34,3.65,-
391,or-70-5-2-UC-20,140,350,140,TO,0.22,3.52,3.74,-
392,or-100-5-2-UC-30,200,500,200,TO,0.29,3.48,3.77,-
393,or-100-20-1-UC-40,200,500,200,TO,0.34,3.46,3.8,-
394,or-100-20-7-UC-50,200,500,200,TO,0.26,3.55,3.81,-
395,or-60-20-6-UC-40,120,300,120,TO,0.28,3.66,3.94,-
396,or-60-20-7-UC-30,120,300,120,TO,0.36,4,4.36,-
397,or-50-5-1-UC-10,100,250,100,TO,0.38,4.01,4.39,-
398,or-50-5-9-UC-10,100,250,100,TO,0.39,4.01,4.4,-
399,or-100-5-1-UC-20,200,500,200,TO,0.53,3.93,4.46,-
400,or-70-5-8-UC-20,140,350,140,TO,0.56,4.07,4.63,-
401,or-50-10-3-UC-10,100,250,100,TO,0.3,4.42,4.72,-
402,or-100-20-5-UC-40,200,500,200,TO,0.28,4.49,4.77,-
403,or-100-10-3-UC-30,200,500,200,TO,0.29,4.72,5.01,-
404,or-60-20-2-UC-20,120,300,120,TO,0.18,4.88,5.06,-
405,or-60-20-4-UC-40,120,300,120,TO,0.24,4.94,5.18,-
406,or-70-5-6-UC-20,140,350,140,TO,0.41,5.16,5.57,-
407,or-50-10-5-UC-10,100,250,100,TO,0.59,5.21,5.8,-
408,or-70-20-6-UC-20,140,350,140,TO,0.21,5.59,5.8,-
409,or-60-10-5-UC-10,120,300,120,TO,0.52,5.67,6.19,-
410,or-70-10-6-UC-20,140,350,140,TO,0.42,5.91,6.33,-
411,or-50-20-10-UC-10,100,250,100,TO,0.45,5.9,6.35,-
412,or-50-20-5-UC-20,100,250,100,TO,0.59,5.84,6.43,-
413,or-50-10-6-UC-10,100,250,100,TO,0.57,6.26,6.83,-
414,or-70-20-1-UC-20,140,350,140,TO,0.64,6.44,7.08,-
415,or-60-5-3-UC-20,120,300,120,TO,0.57,6.57,7.14,-
416,or-70-5-4-UC-20,140,350,140,TO,0.44,6.7,7.14,-
417,or-70-5-5-UC-20,140,350,140,TO,0.64,6.55,7.19,-
418,or-100-20-6-UC-40,200,500,200,TO,0.48,6.78,7.26,-
419,or-60-20-3-UC-10,120,300,120,TO,0.42,7.79,8.21,-
420,or-70-10-2-UC-20,140,350,140,TO,0.87,7.57,8.44,-
421,or-60-10-9-UC-10,120,300,120,TO,0.81,7.74,8.55,-
422,or-70-20-1-UC-30,140,350,140,TO,0.41,8.32,8.73,-
423,or-50-20-7-UC-10,100,250,100,TO,0.67,8.13,8.8,-
424,s382_15_7,350,995,22,TO,7.26,1.55,8.81,-
425,or-50-5-8-UC-10,100,250,100,TO,0.83,7.99,8.82,-
426,or-100-10-9-UC-40,200,500,200,TO,0.45,8.46,8.91,-
427,or-60-20-4-UC-30,120,300,120,TO,0.63,8.3,8.93,-
428,or-50-10-9-UC-10,100,250,100,TO,0.49,8.58,9.07,-
429,or-100-5-10-UC-20,200,500,200,TO,0.58,8.5,9.08,-
430,or-70-20-9-UC-10,140,350,140,TO,0.79,8.3,9.09,-
431,or-100-10-8-UC-30,200,500,200,TO,0.82,8.49,9.31,-
432,or-60-5-5-UC-10,120,300,120,TO,0.68,9.13,9.81,-
433,or-60-5-9-UC-10,120,300,120,TO,0.82,9.1,9.92,-
434,or-100-10-1-UC-20,200,500,200,TO,0.77,9.4,10.17,-
435,or-50-5-4-UC-20,100,250,100,TO,0.6,9.58,10.18,-
436,or-60-10-3-UC-20,120,300,120,TO,0.71,9.8,10.51,-
437,or-70-20-2-UC-30,140,350,140,TO,0.54,10.32,10.86,-
438,or-60-5-2-UC-10,120,300,120,TO,0.49,10.99,11.48,-
439,or-60-10-2-UC-20,120,300,120,TO,0.8,10.91,11.71,-
440,or-70-10-9-UC-10,140,350,140,TO,0.54,11.71,12.25,-
441,or-50-20-2-UC-20,100,250,100,TO,1.08,11.41,12.49,-
442,or-70-10-8-UC-10,140,350,140,TO,0.87,13.65,14.52,-
443,or-70-10-3-UC-10,140,350,140,TO,1.24,13.75,14.99,-
444,or-50-10-4-UC-10,100,250,100,TO,1.62,15.32,16.94,-
445,or-60-20-6-UC-30,120,300,120,TO,0.79,16.86,17.65,-
446,s641_3_2,489,1039,52,TO,13.44,4.29,17.73,-
447,or-50-20-6-UC-10,100,250,100,TO,1.1,17.16,18.26,-
448,or-60-10-7-UC-10,120,300,120,TO,1.78,16.59,18.37,-
449,or-50-20-5-UC-10,100,250,100,TO,1.14,17.29,18.43,-
450,or-60-5-6-UC-10,120,300,120,TO,0.57,18.58,19.15,-
451,blasted_case_2_b12_2,827,2725,43,TO,9.82,9.87,19.69,-
452,or-60-10-1-UC-20,120,300,120,TO,1.31,18.79,20.1,-
453,or-100-10-2-UC-30,200,500,200,TO,1.68,18.63,20.31,-
454,or-70-5-5-UC-10,140,350,140,TO,1.56,19.83,21.39,-
455,or-60-10-4-UC-10,120,300,120,TO,1.7,20.47,22.17,-
456,or-100-5-9-UC-20,200,500,200,TO,1.74,21.03,22.77,-
457,or-100-10-5-UC-30,200,500,200,TO,1.83,21.08,22.91,-
458,or-70-10-7-UC-20,140,350,140,TO,1.95,23.32,25.27,-
459,or-50-10-1-UC-10,100,250,100,TO,1.36,23.99,25.35,-
460,or-100-5-8-UC-20,200,500,200,TO,1.92,30.01,31.93,-
461,or-70-20-8-UC-30,140,350,140,TO,3.49,30.59,34.08,-
462,or-70-20-5-UC-30,140,350,140,TO,2.41,32.02,34.43,-
463,blasted_case121,291,975,46,TO,25.65,8.95,34.6,-
464,or-60-20-5-UC-30,120,300,120,TO,1.88,34.07,35.95,-
465,or-100-20-8-UC-40,200,500,200,TO,2.06,34.84,36.9,-
466,or-70-10-1-UC-10,140,350,140,TO,3.45,37.55,41,-
467,or-50-5-7-UC-10,100,250,100,TO,2.77,39.03,41.8,-
468,or-60-20-10-UC-20,120,300,120,TO,2.96,42.67,45.63,-
469,or-100-20-4-UC-40,200,500,200,TO,1.91,46.12,48.03,-
470,or-60-20-9-UC-10,120,300,120,TO,2.18,47.82,50,-
471,or-60-10-2-UC-10,120,300,120,TO,2.26,47.8,50.06,-
472,or-50-20-9-UC-10,100,250,100,TO,2.7,48.62,51.32,-
473,s35932_7_4,17849,44425,1761,TO,1.72,51.57,53.29,-
474,s35932_3_2,17831,44349,1761,TO,1.71,51.6,53.31,-
475,or-50-20-3-UC-10,100,250,100,TO,1.76,51.82,53.58,-
476,s526_7_4,383,1019,22,TO,29.7,24.09,53.79,-
477,s713_3_2,509,1117,52,TO,18.78,37.17,55.95,-
478,s35932_15_7,17918,44709,1761,TO,3.62,53.47,57.09,-
479,or-50-20-4,100,250,100,TO,2.47,55.41,57.88,-
480,or-70-20-3-UC-30,140,350,140,TO,1.74,58.2,59.94,-
481,or-70-5-8-UC-10,140,350,140,TO,4.21,58.43,62.64,-
482,or-100-20-10-UC-40,200,500,200,TO,3.83,61.75,65.58,-
483,or-100-20-7-UC-30,200,500,200,TO,3.34,64.78,68.12,-
484,or-70-5-10-UC-10,140,350,140,TO,4.23,66.74,70.97,-
485,or-50-5-5-UC-10,100,250,100,TO,3.11,72.98,76.09,-
486,or-100-5-5-UC-20,200,500,200,TO,4.91,74.24,79.15,-
487,or-70-20-2-UC-20,140,350,140,TO,3.99,78.62,82.61,-
488,or-60-20-8-UC-10,120,300,120,TO,4.35,80.19,84.54,-
489,or-60-20-4-UC-20,120,300,120,TO,4.82,84.12,88.94,-
490,or-100-20-9-UC-30,200,500,200,TO,4.04,86.76,90.8,-
491,or-70-20-1-UC-10,140,350,140,TO,2.82,88.97,91.79,-
492,or-100-10-6-UC-20,200,500,200,TO,6.11,89.57,95.68,-
493,or-100-5-2-UC-20,200,500,200,TO,7.44,93.38,100.82,-
494,or-100-10-9-UC-30,200,500,200,TO,5.08,100.37,105.45,-
495,or-70-5-1-UC-10,140,350,140,TO,7.09,100.95,108.04,-
496,or-100-20-6-UC-30,200,500,200,TO,8.23,100.81,109.04,-
497,or-100-20-7-UC-40,200,500,200,TO,5.92,104.86,110.78,-
498,or-50-20-6,100,250,100,TO,6.54,109.4,115.94,-
499,or-50-20-1-UC-10,100,250,100,TO,6.62,110.22,116.84,-
500,or-50-10-7-UC-10,100,250,100,TO,5.17,112.58,117.75,-
501,or-100-10-8-UC-20,200,500,200,TO,7.9,118.87,126.77,-
502,or-50-10-2,100,250,100,TO,7.32,123.05,130.37,-
503,or-100-5-7-UC-20,200,500,200,TO,8.63,126.08,134.71,-
504,or-50-20-2,100,250,100,TO,6.57,132.09,138.66,-
505,or-50-5-4-UC-10,100,250,100,TO,6.86,134.18,141.04,-
506,or-100-20-3-UC-40,200,500,200,TO,5.68,136.83,142.51,-
507,or-70-10-4-UC-30,140,350,140,TO,10.68,138.52,149.2,-
508,or-70-20-10-UC-30,140,350,140,TO,5.27,146.16,151.43,-
509,or-50-5-2-UC-10,100,250,100,TO,7.74,144.39,152.13,-
510,or-60-10-1-UC-10,120,300,120,TO,7.98,149.85,157.83,-
511,or-50-10-1,100,250,100,TO,6.5,153.14,159.64,-
512,or-50-5-10,100,250,100,TO,9.54,153.8,163.34,-
513,or-100-5-3-UC-10,200,500,200,TO,15.51,149.53,165.04,-
514,or-100-10-7-UC-20,200,500,200,TO,9.66,159.04,168.7,-
515,or-70-20-7-UC-20,140,350,140,TO,7.46,162.78,170.24,-
516,or-100-10-2-UC-20,200,500,200,TO,7.86,165.54,173.4,-
517,blasted_squaring9,1434,5028,70,TO,121.79,55.39,177.18,-
518,ProjectService3.sk_12_55,3175,11019,53,TO,175.05,8.32,183.37,-
519,or-60-10-10-UC-10,120,300,120,TO,12.62,171.59,184.21,-
520,or-100-20-2-UC-30,200,500,200,TO,12.66,172.96,185.62,-
521,or-60-5-8-UC-10,120,300,120,TO,8.87,177.86,186.73,-
522,or-50-5-1,100,250,100,TO,9.15,185.34,194.49,-
523,blasted_case_1_b11_1,340,1026,46,TO,112.57,82.96,195.53,-
524,s713_7_4,527,1193,52,TO,58.58,145.94,204.52,-
525,or-70-20-2-UC-10,140,350,140,TO,9.74,209.06,218.8,-
526,or-70-10-6-UC-10,140,350,140,TO,12.96,213.46,226.42,-
527,or-60-20-6-UC-20,120,300,120,TO,14.62,220.86,235.48,-
528,or-50-10-3,100,250,100,TO,10.62,228,238.62,-
529,or-70-5-2-UC-10,140,350,140,TO,5.01,233.86,238.87,-
530,or-50-20-3,100,250,100,TO,13.16,227.66,240.82,-
531,s641_7_4,507,1115,52,TO,71.26,171.34,242.6,-
532,or-50-5-4,100,250,100,TO,6.94,240.18,247.12,-
533,or-50-5-3,100,250,100,TO,9.3,257.55,266.85,-
534,or-100-20-2-UC-60,200,500,200,TO,7.65,263.82,271.47,-
535,or-70-5-7-UC-10,140,350,140,TO,12.26,261.19,273.45,-
536,or-50-20-2-UC-10,100,250,100,TO,14,264.82,278.82,-
537,or-100-10-5-UC-20,200,500,200,TO,19.67,261.12,280.79,-
538,or-100-20-10-UC-30,200,500,200,TO,16.74,271.46,288.2,-
539,or-50-20-9,100,250,100,TO,11.22,287.17,298.39,-
540,or-60-20-1-UC-10,120,300,120,TO,12.55,292.7,305.25,-
541,or-50-10-5,100,250,100,TO,13.63,297.64,311.27,-
542,or-100-20-5-UC-30,200,500,200,TO,7.36,306.1,313.46,-
543,blasted_squaring7,1628,5837,70,TO,223.2,101.45,324.65,-
544,or-60-5-3-UC-10,120,300,120,TO,15.23,311.66,326.89,-
545,or-60-20-7-UC-20,120,300,120,TO,15.88,322.63,338.51,-
546,or-50-20-5,100,250,100,TO,14.99,327.39,342.38,-
547,or-70-5-4-UC-10,140,350,140,TO,19.27,325.41,344.68,-
548,or-50-5-6,100,250,100,TO,18.15,330.11,348.26,-
549,or-50-20-1,100,250,100,TO,11.43,344.58,356.01,-
550,or-50-10-9,100,250,100,TO,10.64,357.18,367.82,-
551,or-70-10-5-UC-10,140,350,140,TO,17.24,364.51,381.75,-
552,or-50-5-5,100,250,100,TO,18.34,384.24,402.58,-
553,or-60-20-2-UC-10,120,300,120,TO,10.61,406.18,416.79,-
554,or-50-5-7,100,250,100,TO,14.04,405.13,419.17,-
555,or-70-10-4-UC-20,140,350,140,TO,16.49,426.09,442.58,-
556,or-50-10-4,100,250,100,TO,24.17,418.92,443.09,-
557,or-70-20-7-UC-10,140,350,140,TO,20.62,422.66,443.28,-
558,or-50-10-6,100,250,100,TO,15.36,429.46,444.82,-
559,or-60-10-6-UC-10,120,300,120,TO,12.86,436.92,449.78,-
560,or-70-20-5-UC-20,140,350,140,TO,22.4,431.2,453.6,-
561,or-100-10-4-UC-20,200,500,200,TO,14.17,478.56,492.73,-
562,or-70-20-3-UC-20,140,350,140,TO,12.37,489.27,501.64,-
563,or-50-20-7,100,250,100,TO,23.83,497.47,521.3,-
564,or-60-20-4-UC-10,120,300,120,TO,22.79,553.5,576.29,-
565,or-60-20-10-UC-10,120,300,120,TO,24.95,586.22,611.17,-
566,or-50-20-8,100,250,100,TO,21.05,615.13,636.18,-
567,or-50-20-10,100,250,100,TO,26.25,610.66,636.91,-
568,or-70-10-10-UC-10,140,350,140,TO,24.58,659.94,684.52,-
569,or-50-10-7,100,250,100,TO,24.63,665.83,690.46,-
570,s641_15_7,576,1399,52,TO,254.32,438.32,692.64,-
571,or-60-10-3-UC-10,120,300,120,TO,21.52,674.06,695.58,-
572,or-70-20-6-UC-10,140,350,140,TO,25.61,686.32,711.93,-
573,or-50-5-8,100,250,100,TO,31.49,719.88,751.37,-
574,or-50-10-10,100,250,100,TO,23.07,746.74,769.81,-
575,or-60-20-5-UC-20,120,300,120,TO,24.96,784.87,809.83,-
576,or-50-5-9,100,250,100,TO,41.97,783.14,825.11,-
577,or-60-20-7-UC-10,120,300,120,TO,20.59,851.48,872.07,-
578,or-50-10-8,100,250,100,TO,26.13,879.09,905.22,-
579,or-100-20-8-UC-30,200,500,200,TO,16.07,917.06,933.13,-
580,or-70-20-10-UC-10,140,350,140,TO,47.12,998.98,1046.1,-
581,or-100-5-6-UC-10,200,500,200,TO,69.12,1067.43,1136.55,-
582,or-70-20-4-UC-20,140,350,140,TO,35.76,1184.44,1220.2,-
583,or-100-5-1-UC-10,200,500,200,TO,65.08,1190.48,1255.56,-
584,or-70-10-2-UC-10,140,350,140,TO,53,1214.08,1267.08,-
585,or-100-10-3-UC-20,200,500,200,TO,37.45,1259.37,1296.82,-
586,or-100-20-4-UC-20,200,500,200,TO,34.57,1328.23,1362.8,-
587,or-60-20-6-UC-10,120,300,120,TO,56.21,1341.12,1397.33,-
588,or-60-20-8,120,300,120,TO,32.29,1685.1,1717.39,-
589,blasted_squaring10,1099,3632,70,TO,MO,-,-,-
590,blasted_squaring12,1507,5210,70,TO,MO,-,-,-
591,blasted_squaring14,1458,5009,70,TO,MO,-,-,-
592,blasted_squaring16,1627,5835,70,TO,MO,-,-,-
593,blasted_squaring1,891,2839,70,TO,MO,-,-,-
594,blasted_squaring8,1101,3642,70,TO,MO,-,-,-
595,enqueueSeqSK.sk_10_42,16466,58515,40,TO,MO,-,-,-
596,karatsuba.sk_7_41,19594,82417,39,TO,MO,-,-,-
597,lang12,576,13584,576,TO,MO,-,-,-
598,or-100-10-10,200,500,200,TO,MO,-,-,-
599,or-100-10-10-UC-10,200,500,200,TO,MO,-,-,-
600,or-100-10-1,200,500,200,TO,MO,-,-,-
601,or-100-10-1-UC-10,200,500,200,TO,MO,-,-,-
602,or-100-10-2,200,500,200,TO,MO,-,-,-
603,or-100-10-2-UC-10,200,500,200,TO,MO,-,-,-
604,or-100-10-3,200,500,200,TO,MO,-,-,-
605,or-100-10-3-UC-10,200,500,200,TO,MO,-,-,-
606,or-100-10-4,200,500,200,TO,MO,-,-,-
607,or-100-10-4-UC-10,200,500,200,TO,MO,-,-,-
608,or-100-10-5,200,500,200,TO,MO,-,-,-
609,or-100-10-5-UC-10,200,500,200,TO,MO,-,-,-
610,or-100-10-6,200,500,200,TO,MO,-,-,-
611,or-100-10-6-UC-10,200,500,200,TO,MO,-,-,-
612,or-100-10-7,200,500,200,TO,MO,-,-,-
613,or-100-10-7-UC-10,200,500,200,TO,MO,-,-,-
614,or-100-10-8,200,500,200,TO,MO,-,-,-
615,or-100-10-8-UC-10,200,500,200,TO,MO,-,-,-
616,or-100-10-9,200,500,200,TO,MO,-,-,-
617,or-100-10-9-UC-10,200,500,200,TO,MO,-,-,-
618,or-100-10-9-UC-20,200,500,200,TO,MO,-,-,-
619,or-100-20-10,200,500,200,TO,MO,-,-,-
620,or-100-20-10-UC-10,200,500,200,TO,MO,-,-,-
621,or-100-20-10-UC-20,200,500,200,TO,MO,-,-,-
622,or-100-20-1,200,500,200,TO,MO,-,-,-
623,or-100-20-1-UC-10,200,500,200,TO,MO,-,-,-
624,or-100-20-1-UC-20,200,500,200,TO,MO,-,-,-
625,or-100-20-1-UC-30,200,500,200,TO,MO,-,-,-
626,or-100-20-2,200,500,200,TO,MO,-,-,-
627,or-100-20-2-UC-10,200,500,200,TO,MO,-,-,-
628,or-100-20-2-UC-20,200,500,200,TO,MO,-,-,-
629,or-100-20-2-UC-50,200,500,200,TO,MO,-,-,-
630,or-100-20-3,200,500,200,TO,MO,-,-,-
631,or-100-20-3-UC-10,200,500,200,TO,MO,-,-,-
632,or-100-20-3-UC-20,200,500,200,TO,MO,-,-,-
633,or-100-20-3-UC-30,200,500,200,TO,MO,-,-,-
634,or-100-20-4,200,500,200,TO,MO,-,-,-
635,or-100-20-4-UC-10,200,500,200,TO,MO,-,-,-
636,or-100-20-4-UC-30,200,500,200,TO,MO,-,-,-
637,or-100-20-5,200,500,200,TO,MO,-,-,-
638,or-100-20-5-UC-10,200,500,200,TO,MO,-,-,-
639,or-100-20-5-UC-20,200,500,200,TO,MO,-,-,-
640,or-100-20-6,200,500,200,TO,MO,-,-,-
641,or-100-20-6-UC-10,200,500,200,TO,MO,-,-,-
642,or-100-20-6-UC-20,200,500,200,TO,MO,-,-,-
643,or-100-20-7,200,500,200,TO,MO,-,-,-
644,or-100-20-7-UC-10,200,500,200,TO,MO,-,-,-
645,or-100-20-7-UC-20,200,500,200,TO,MO,-,-,-
646,or-100-20-8,200,500,200,TO,MO,-,-,-
647,or-100-20-8-UC-10,200,500,200,TO,MO,-,-,-
648,or-100-20-8-UC-20,200,500,200,TO,MO,-,-,-
649,or-100-20-9,200,500,200,TO,MO,-,-,-
650,or-100-20-9-UC-10,200,500,200,TO,MO,-,-,-
651,or-100-20-9-UC-20,200,500,200,TO,MO,-,-,-
652,or-100-5-10,200,500,200,TO,MO,-,-,-
653,or-100-5-10-UC-10,200,500,200,TO,MO,-,-,-
654,or-100-5-1,200,500,200,TO,MO,-,-,-
655,or-100-5-2,200,500,200,TO,MO,-,-,-
656,or-100-5-2-UC-10,200,500,200,TO,MO,-,-,-
657,or-100-5-3,200,500,200,TO,MO,-,-,-
658,or-100-5-4,200,500,200,TO,MO,-,-,-
659,or-100-5-4-UC-10,200,500,200,TO,MO,-,-,-
660,or-100-5-4-UC-20,200,500,200,TO,MO,-,-,-
661,or-100-5-5,200,500,200,TO,MO,-,-,-
662,or-100-5-5-UC-10,200,500,200,TO,MO,-,-,-
663,or-100-5-6,200,500,200,TO,MO,-,-,-
664,or-100-5-7,200,500,200,TO,MO,-,-,-
665,or-100-5-7-UC-10,200,500,200,TO,MO,-,-,-
666,or-100-5-8,200,500,200,TO,MO,-,-,-
667,or-100-5-8-UC-10,200,500,200,TO,MO,-,-,-
668,or-100-5-9,200,500,200,TO,MO,-,-,-
669,or-100-5-9-UC-10,200,500,200,TO,MO,-,-,-
670,or-50-5-2,100,250,100,TO,MO,-,-,-
671,or-60-10-10,120,300,120,TO,MO,-,-,-
672,or-60-10-1,120,300,120,TO,MO,-,-,-
673,or-60-10-2,120,300,120,TO,MO,-,-,-
674,or-60-10-3,120,300,120,TO,MO,-,-,-
675,or-60-10-4,120,300,120,TO,MO,-,-,-
676,or-60-10-5,120,300,120,TO,MO,-,-,-
677,or-60-10-6,120,300,120,TO,MO,-,-,-
678,or-60-10-7,120,300,120,TO,MO,-,-,-
679,or-60-10-8,120,300,120,TO,MO,-,-,-
680,or-60-10-9,120,300,120,TO,MO,-,-,-
681,or-60-20-10,120,300,120,TO,MO,-,-,-
682,or-60-20-1,120,300,120,TO,MO,-,-,-
683,or-60-20-2,120,300,120,TO,MO,-,-,-
684,or-60-20-3,120,300,120,TO,MO,-,-,-
685,or-60-20-4,120,300,120,TO,MO,-,-,-
686,or-60-20-5,120,300,120,TO,MO,-,-,-
687,or-60-20-5-UC-10,120,300,120,TO,MO,-,-,-
688,or-60-20-6,120,300,120,TO,MO,-,-,-
689,or-60-20-7,120,300,120,TO,MO,-,-,-
690,or-60-20-9,120,300,120,TO,MO,-,-,-
691,or-60-5-10,120,300,120,TO,MO,-,-,-
692,or-60-5-1,120,300,120,TO,MO,-,-,-
693,or-60-5-2,120,300,120,TO,MO,-,-,-
694,or-60-5-3,120,300,120,TO,MO,-,-,-
695,or-60-5-4,120,300,120,TO,MO,-,-,-
696,or-60-5-5,120,300,120,TO,MO,-,-,-
697,or-60-5-6,120,300,120,TO,MO,-,-,-
698,or-60-5-7,120,300,120,TO,MO,-,-,-
699,or-60-5-8,120,300,120,TO,MO,-,-,-
700,or-60-5-9,120,300,120,TO,MO,-,-,-
701,or-70-10-10,140,350,140,TO,MO,-,-,-
702,or-70-10-1,140,350,140,TO,MO,-,-,-
703,or-70-10-2,140,350,140,TO,MO,-,-,-
704,or-70-10-3,140,350,140,TO,MO,-,-,-
705,or-70-10-4,140,350,140,TO,MO,-,-,-
706,or-70-10-4-UC-10,140,350,140,TO,MO,-,-,-
707,or-70-10-5,140,350,140,TO,MO,-,-,-
708,or-70-10-6,140,350,140,TO,MO,-,-,-
709,or-70-10-7,140,350,140,TO,MO,-,-,-
710,or-70-10-7-UC-10,140,350,140,TO,MO,-,-,-
711,or-70-10-8,140,350,140,TO,MO,-,-,-
712,or-70-10-9,140,350,140,TO,MO,-,-,-
713,or-70-20-10,140,350,140,TO,MO,-,-,-
714,or-70-20-10-UC-20,140,350,140,TO,MO,-,-,-
715,or-70-20-1,140,350,140,TO,MO,-,-,-
716,or-70-20-2,140,350,140,TO,MO,-,-,-
717,or-70-20-3,140,350,140,TO,MO,-,-,-
718,or-70-20-3-UC-10,140,350,140,TO,MO,-,-,-
719,or-70-20-4,140,350,140,TO,MO,-,-,-
720,or-70-20-4-UC-10,140,350,140,TO,MO,-,-,-
721,or-70-20-5,140,350,140,TO,MO,-,-,-
722,or-70-20-5-UC-10,140,350,140,TO,MO,-,-,-
723,or-70-20-6,140,350,140,TO,MO,-,-,-
724,or-70-20-7,140,350,140,TO,MO,-,-,-
725,or-70-20-8,140,350,140,TO,MO,-,-,-
726,or-70-20-8-UC-10,140,350,140,TO,MO,-,-,-
727,or-70-20-8-UC-20,140,350,140,TO,MO,-,-,-
728,or-70-20-9,140,350,140,TO,MO,-,-,-
729,or-70-5-10,140,350,140,TO,MO,-,-,-
730,or-70-5-1,140,350,140,TO,MO,-,-,-
731,or-70-5-2,140,350,140,TO,MO,-,-,-
732,or-70-5-3,140,350,140,TO,MO,-,-,-
733,or-70-5-4,140,350,140,TO,MO,-,-,-
734,or-70-5-5,140,350,140,TO,MO,-,-,-
735,or-70-5-6,140,350,140,TO,MO,-,-,-
736,or-70-5-6-UC-10,140,350,140,TO,MO,-,-,-
737,or-70-5-7,140,350,140,TO,MO,-,-,-
738,or-70-5-8,140,350,140,TO,MO,-,-,-
739,or-70-5-9,140,350,140,TO,MO,-,-,-
740,ProcessBean.sk_8_64,4768,14458,62,TO,MO,-,-,-
741,s1196a_15_7,777,2165,30,TO,MO,-,-,-
742,s13207a_15_7,9455,20919,698,TO,MO,-,-,-
743,s13207a_3_2,9368,20559,698,TO,MO,-,-,-
744,s13207a_7_4,9386,20635,698,TO,MO,-,-,-
745,s1423a_15_7,864,2248,89,TO,MO,-,-,-
746,s1423a_3_2,777,1888,89,TO,MO,-,-,-
747,s1423a_7_4,795,1964,89,TO,MO,-,-,-
748,s15850a_15_7,10995,24836,609,TO,MO,-,-,-
749,s15850a_3_2,10908,24476,609,TO,MO,-,-,-
750,s15850a_7_4,10926,24552,609,TO,MO,-,-,-
751,s27_3_2,20,43,5,TO,MO,-,-,-
752,s27_7_4,24,63,5,TO,MO,-,-,-
753,s27_new_15_7,17,43,5,TO,MO,-,-,-
754,s27_new_7_4,17,35,5,TO,MO,-,-,-
755,s298_3_2,205,510,15,TO,MO,-,-,-
756,s349_7_4,216,545,22,TO,MO,-,-,-
757,s38417_15_7,25615,57946,1662,TO,MO,-,-,-
758,s38417_3_2,25528,57586,1662,TO,MO,-,-,-
759,s38417_7_4,25546,57662,1662,TO,MO,-,-,-
760,s38584_15_7,23492,57754,1462,TO,MO,-,-,-
761,s38584_3_2,23405,57394,1462,TO,MO,-,-,-
762,s38584_7_4,23423,57470,1462,TO,MO,-,-,-
763,s444_7_4,308,788,22,TO,MO,-,-,-
764,s526a_15_7,453,1304,22,TO,MO,-,-,-
765,s526a_7_4,384,1020,22,TO,MO,-,-,-
766,s5378a_15_7,3766,8732,212,TO,MO,-,-,-
767,s5378a_3_2,3679,8372,212,TO,MO,-,-,-
768,s5378a_7_4,3697,8448,212,TO,MO,-,-,-
769,s713_15_7,596,1477,52,TO,MO,-,-,-
770,s9234a_15_7,6382,14839,245,TO,MO,-,-,-
771,s9234a_3_2,6295,14479,245,TO,MO,-,-,-
772,s9234a_7_4,6313,14555,245,TO,MO,-,-,-
773,sort.sk_8_52,12125,49611,50,TO,MO,-,-,-
