S.No.,Benchmark,Vars,Clauses,Size of sampling set,Time for 1000 samples,Time for 2000 samples,Time for 4000 samples,Time for 8000 samples,Time for 10000 samples
1,s27_15_7,32,103,5,0.27,0.38,0.57,1,1.23
2,s27_new_3_2,17,31,5,0.31,0.49,0.79,1.4,1.72
3,s298_7_4,223,586,15,0.74,0.88,1.11,1.59,1.8
4,or-50-5-10-UC-30,100,250,100,0.41,0.55,0.98,1.83,2.19
5,or-50-5-2-UC-40,100,250,100,0.41,0.6,0.96,1.82,2.2
6,or-50-5-10-UC-40,100,250,100,0.41,0.58,1.05,1.81,2.21
7,or-50-5-2-UC-30,100,250,100,0.37,0.58,0.99,1.8,2.22
8,or-50-5-1-UC-40,100,250,100,0.35,0.56,0.98,1.8,2.23
9,s298_15_7,292,870,15,1.34,1.46,1.59,2.03,2.23
10,or-50-5-1-UC-30,100,250,100,0.37,0.58,1,1.86,2.31
11,or-50-10-1-UC-40,100,250,100,0.37,0.56,0.98,1.79,2.32
12,or-50-10-7-UC-40,100,250,100,0.38,0.6,1.01,1.93,2.32
13,or-50-5-10-UC-20,100,250,100,0.5,0.7,1.08,1.94,2.32
14,fs-01.net,32,38,32,0.41,0.63,1.08,2.42,2.33
15,or-50-10-10-UC-30,100,250,100,0.37,0.68,1.15,1.93,2.37
16,or-50-10-8-UC-20,100,250,100,0.42,0.68,1.2,2.19,2.4
17,or-50-10-1-UC-30,100,250,100,0.39,0.61,1.06,1.96,2.41
18,or-60-10-4-UC-40,120,300,120,0.42,0.64,1.12,2.19,2.41
19,s1488_15_7,941,2783,12,0.44,0.62,1.16,1.83,2.45
20,or-50-10-1-UC-20,100,250,100,0.45,0.66,1.11,2.02,2.49
21,or-50-5-5-UC-40,100,250,100,0.4,0.62,1.14,1.92,2.49
22,or-50-10-10-UC-40,100,250,100,0.4,0.64,1.12,2.13,2.54
23,or-50-5-5-UC-30,100,250,100,0.42,0.64,1.17,2.09,2.56
24,s1488_3_2,854,2423,12,0.49,0.73,1.29,2.34,2.56
25,or-50-5-9-UC-40,100,250,100,0.43,0.71,1.14,2.09,2.58
26,or-50-10-8-UC-30,100,250,100,0.45,0.67,1.12,2.16,2.59
27,or-50-5-8-UC-40,100,250,100,0.4,0.63,1.15,2.32,2.6
28,or-50-10-10-UC-20,100,250,100,0.43,0.71,1.16,2.14,2.62
29,or-50-5-7-UC-40,100,250,100,0.4,0.64,1.19,2.18,2.62
30,or-50-5-9-UC-30,100,250,100,0.41,0.65,1.18,2.13,2.62
31,or-60-10-4-UC-30,120,300,120,0.45,0.66,1.17,2.14,2.65
32,or-50-5-4-UC-40,100,250,100,0.43,0.72,1.19,2.14,2.66
33,or-50-5-8-UC-30,100,250,100,0.4,0.7,1.15,2.15,2.73
34,or-60-5-2-UC-40,120,300,120,0.4,0.69,1.21,2.17,2.74
35,or-50-5-7-UC-30,100,250,100,0.48,0.71,1.24,2.21,2.75
36,or-50-10-8-UC-40,100,250,100,0.47,0.68,1.17,2.2,2.78
37,or-50-10-7-UC-30,100,250,100,0.49,0.72,1.19,2.32,2.8
38,or-50-5-1-UC-20,100,250,100,0.7,0.98,1.41,2.4,2.81
39,or-60-5-1-UC-40,120,300,120,0.46,0.72,1.21,2.28,2.81
40,or-50-10-6-UC-40,100,250,100,0.41,0.69,1.21,2.27,2.82
41,or-50-20-7-UC-40,100,250,100,0.51,0.77,1.27,2.37,2.84
42,or-50-10-4-UC-30,100,250,100,0.51,0.78,1.24,2.59,2.88
43,s1488_7_4,872,2499,12,0.5,0.75,1.29,2.2,2.9
44,or-60-5-9-UC-20,120,300,120,0.47,0.85,1.24,2.4,2.91
45,or-60-5-9-UC-30,120,300,120,0.46,0.73,1.31,2.36,2.91
46,or-50-5-7-UC-20,100,250,100,0.86,0.86,1.63,2.64,2.94
47,or-60-10-4-UC-20,120,300,120,0.58,0.86,1.39,2.42,2.94
48,or-60-5-2-UC-30,120,300,120,0.51,0.82,1.38,2.47,2.95
49,or-50-5-4-UC-30,100,250,100,0.75,1.08,1.53,2.45,3
50,or-60-5-9-UC-40,120,300,120,0.64,0.73,1.3,2.43,3.02
51,or-50-20-8-UC-30,100,250,100,0.63,0.9,1.43,2.7,3.08
52,or-50-5-3-UC-30,100,250,100,0.68,0.79,1.4,2.59,3.14
53,or-50-5-6-UC-30,100,250,100,0.49,0.81,1.37,2.56,3.14
54,or-50-5-6-UC-40,100,250,100,0.45,0.73,1.44,2.53,3.14
55,or-50-10-4-UC-40,100,250,100,0.55,0.82,1.4,2.58,3.17
56,or-50-20-8-UC-40,100,250,100,0.49,0.8,1.35,2.56,3.17
57,or-50-5-3-UC-40,100,250,100,0.52,0.84,1.39,2.58,3.17
58,or-60-10-2-UC-40,120,300,120,0.44,0.81,1.38,2.66,3.18
59,or-50-20-7-UC-30,100,250,100,0.69,0.99,1.58,2.65,3.2
60,or-50-5-3-UC-20,100,250,100,0.46,0.8,1.37,2.7,3.2
61,or-60-5-5-UC-20,120,300,120,0.51,0.89,1.45,2.91,3.2
62,or-60-5-10-UC-40,120,300,120,0.55,0.79,1.37,2.6,3.21
63,or-60-5-6-UC-30,120,300,120,0.47,0.77,1.42,2.59,3.21
64,or-50-5-6-UC-20,100,250,100,0.5,0.78,1.4,2.59,3.23
65,or-60-5-1-UC-30,120,300,120,0.6,0.88,1.51,2.63,3.24
66,or-60-5-10-UC-30,120,300,120,0.47,0.79,1.4,2.64,3.28
67,or-50-5-3-UC-10,100,250,100,0.65,1.02,1.54,2.74,3.31
68,or-60-10-2-UC-30,120,300,120,0.51,0.73,1.41,2.4,3.32
69,or-60-5-7-UC-40,120,300,120,0.48,0.81,1.55,2.68,3.32
70,or-50-10-8-UC-10,100,250,100,0.95,1.26,1.79,2.88,3.34
71,or-60-5-3-UC-30,120,300,120,0.49,0.98,1.43,2.66,3.34
72,or-60-5-7-UC-30,120,300,120,0.53,0.85,1.55,2.77,3.34
73,or-60-5-6-UC-20,120,300,120,0.54,0.87,1.35,2.63,3.35
74,or-60-5-6-UC-40,120,300,120,0.55,0.79,1.41,2.59,3.35
75,or-60-5-3-UC-40,120,300,120,0.49,0.8,1.44,2.67,3.36
76,or-50-5-9-UC-20,100,250,100,0.95,1.29,1.81,2.91,3.4
77,or-60-10-7-UC-40,120,300,120,0.5,0.84,1.5,2.85,3.4
78,or-60-5-2-UC-20,120,300,120,0.72,1.02,1.62,2.78,3.4
79,or-50-10-9-UC-30,100,250,100,0.57,0.84,1.53,2.82,3.41
80,or-60-20-9-UC-40,120,300,120,0.51,0.85,1.54,2.88,3.44
81,or-70-5-6-UC-40,140,350,140,0.66,0.81,1.49,2.79,3.44
82,or-50-10-2-UC-20,100,250,100,0.54,0.86,1.55,2.83,3.47
83,or-50-5-8-UC-20,100,250,100,0.94,1.21,1.73,2.75,3.49
84,or-50-10-6-UC-30,100,250,100,0.9,1.12,1.6,3.1,3.51
85,or-50-10-2-UC-40,100,250,100,0.5,0.86,1.53,2.89,3.53
86,or-70-10-10-UC-40,140,350,140,0.52,0.89,1.72,2.88,3.54
87,or-70-5-5-UC-40,140,350,140,0.57,0.91,1.48,3,3.54
88,or-50-5-6-UC-10,100,250,100,0.69,0.98,1.64,2.86,3.55
89,or-60-5-5-UC-40,120,300,120,0.51,0.89,1.53,2.98,3.57
90,or-60-10-7-UC-30,120,300,120,0.67,0.9,1.53,2.85,3.58
91,or-70-10-10-UC-30,140,350,140,0.54,1,1.53,2.61,3.58
92,or-50-20-9-UC-30,100,250,100,0.59,0.93,1.61,2.93,3.6
93,or-50-5-10-UC-10,100,250,100,1.58,1.76,2.18,3.12,3.6
94,or-60-10-9-UC-40,120,300,120,0.52,0.85,1.55,2.94,3.6
95,or-60-5-10-UC-20,120,300,120,1.04,1.24,2.09,3.07,3.6
96,or-70-5-6-UC-30,140,350,140,0.69,1.01,1.68,2.97,3.61
97,or-70-10-9-UC-20,140,350,140,0.71,1.12,1.87,3.2,3.62
98,or-50-10-3-UC-40,100,250,100,0.54,0.91,1.61,3.2,3.63
99,or-60-10-9-UC-30,120,300,120,0.54,0.85,1.56,2.94,3.63
100,or-60-5-5-UC-30,120,300,120,0.54,0.86,1.54,2.86,3.63
101,or-70-5-7-UC-40,140,350,140,0.51,0.88,1.56,2.96,3.63
102,or-60-20-9-UC-30,120,300,120,0.53,0.88,1.59,2.94,3.65
103,or-60-5-7-UC-20,120,300,120,0.67,1.02,1.69,3.03,3.66
104,or-70-10-3-UC-40,140,350,140,0.61,0.86,1.54,3.08,3.66
105,or-50-10-6-UC-20,100,250,100,1.14,1.41,2.04,3.09,3.69
106,or-70-5-8-UC-30,140,350,140,0.56,0.88,1.58,3.17,3.69
107,or-50-5-2-UC-20,100,250,100,1.83,2,2.29,3.32,3.73
108,or-60-5-8-UC-20,120,300,120,0.56,0.97,1.63,3.09,3.73
109,or-70-5-3-UC-40,140,350,140,0.62,0.87,1.53,3.08,3.74
110,or-70-5-1-UC-30,140,350,140,0.54,0.9,1.59,3.07,3.75
111,or-50-10-7-UC-20,100,250,100,1.38,1.73,2.07,3.19,3.76
112,or-70-5-1-UC-40,140,350,140,0.58,0.87,1.6,3.25,3.76
113,or-50-10-4-UC-20,100,250,100,1.11,1.4,1.96,3.27,3.78
114,or-50-5-5-UC-20,100,250,100,1.22,1.51,2.06,3.14,3.78
115,or-60-10-10-UC-30,120,300,120,0.58,0.9,1.58,2.92,3.79
116,or-60-10-6-UC-30,120,300,120,0.64,0.96,1.7,3.01,3.79
117,or-60-5-8-UC-40,120,300,120,0.6,0.9,1.61,3.11,3.79
118,or-50-20-9-UC-40,100,250,100,0.61,0.97,1.8,3.11,3.8
119,or-70-5-3-UC-20,140,350,140,0.56,0.98,1.62,3.03,3.8
120,or-70-10-9-UC-40,140,350,140,0.62,0.97,1.57,3.34,3.81
121,or-70-5-2-UC-40,140,350,140,0.52,0.88,1.59,3.13,3.81
122,or-70-5-3-UC-30,140,350,140,0.61,0.95,1.64,3.1,3.83
123,or-70-5-8-UC-40,140,350,140,0.53,0.91,1.63,3.25,3.83
124,or-70-5-2-UC-30,140,350,140,0.55,0.91,1.69,3.27,3.85
125,or-70-5-5-UC-30,140,350,140,0.52,0.92,1.56,2.98,3.85
126,or-50-10-10-UC-10,100,250,100,1.46,1.77,2.29,3.4,3.89
127,or-50-10-3-UC-30,100,250,100,0.57,0.9,1.7,3.15,3.9
128,or-50-10-5-UC-40,100,250,100,0.7,1.05,1.77,3.29,3.92
129,or-70-5-7-UC-30,140,350,140,0.55,0.93,1.69,3.11,3.92
130,or-100-5-4-UC-50,200,500,200,0.58,0.93,1.88,3.17,3.93
131,or-50-10-2-UC-10,100,250,100,1.02,1.38,2.01,3.34,3.93
132,or-60-20-9-UC-20,120,300,120,0.92,1.21,1.92,3.25,3.93
133,or-70-10-3-UC-30,140,350,140,0.56,0.91,1.72,3.19,3.93
134,or-60-10-9-UC-20,120,300,120,0.71,1.03,1.75,3.33,3.95
135,or-70-5-9-UC-30,140,350,140,0.55,0.94,1.7,3.21,3.96
136,or-60-10-10-UC-40,120,300,120,0.53,0.9,1.69,3.14,3.98
137,or-60-20-2-UC-30,120,300,120,0.59,0.94,1.68,3.19,4
138,or-60-5-4-UC-30,120,300,120,0.53,0.98,1.82,3.38,4
139,or-60-5-8-UC-30,120,300,120,0.55,0.95,1.65,3.1,4
140,or-70-5-9-UC-40,140,350,140,0.59,1.01,1.72,3.34,4
141,or-50-20-7-UC-20,100,250,100,1.08,1.55,2.18,3.42,4.01
142,or-60-20-2-UC-40,120,300,120,0.59,0.94,1.74,3.24,4.01
143,or-50-20-9-UC-20,100,250,100,0.85,1.22,1.91,3.31,4.02
144,or-70-5-1-UC-20,140,350,140,0.56,0.94,1.69,3.15,4.03
145,or-60-5-4-UC-40,120,300,120,0.58,0.96,1.7,3.31,4.04
146,or-60-5-4-UC-20,120,300,120,0.57,0.87,1.68,3.24,4.05
147,or-60-10-6-UC-40,120,300,120,0.55,0.95,1.69,3.19,4.06
148,or-70-10-6-UC-40,140,350,140,0.54,0.93,1.75,3.3,4.08
149,or-60-10-7-UC-20,120,300,120,1.05,1.41,2.09,3.42,4.09
150,or-70-5-9-UC-20,140,350,140,0.67,1.04,1.78,3.29,4.09
151,or-70-5-3-UC-10,140,350,140,0.82,1.17,1.96,3.37,4.11
152,s444_15_7,377,1072,22,0.74,1.29,1.91,3.46,4.12
153,or-50-20-10-UC-40,100,250,100,0.72,1.1,2.1,3.46,4.14
154,or-50-10-2-UC-30,100,250,100,0.54,0.94,1.68,3.08,4.15
155,or-50-20-8-UC-20,100,250,100,1.25,1.58,2.28,3.64,4.15
156,or-50-20-2-UC-40,100,250,100,0.88,1.23,2,3.47,4.17
157,or-70-10-9-UC-30,140,350,140,0.79,1.3,1.9,3.65,4.19
158,or-70-5-4-UC-40,140,350,140,0.58,0.98,1.78,3.37,4.19
159,or-60-10-8-UC-30,120,300,120,0.65,1.14,2.02,3.43,4.2
160,or-50-10-9-UC-40,100,250,100,0.58,0.92,1.67,3.07,4.21
161,or-50-20-6-UC-30,100,250,100,0.71,1.12,1.87,3.46,4.21
162,or-70-5-10-UC-30,140,350,140,0.71,1.02,1.86,3.43,4.22
163,s526_3_2,365,943,22,0.84,1.03,1.86,3.71,4.22
164,or-60-10-6-UC-20,120,300,120,0.83,1.4,1.94,3.29,4.23
165,or-60-10-10-UC-20,120,300,120,1.2,1.49,2.29,3.58,4.25
166,or-60-20-8-UC-40,120,300,120,0.58,0.99,1.78,3.37,4.29
167,or-70-5-10-UC-40,140,350,140,0.74,1,1.84,3.48,4.32
168,or-100-5-4-UC-60,200,500,200,0.59,1.03,1.87,3.54,4.36
169,or-70-10-4-UC-40,140,350,140,0.91,1.36,2.06,3.58,4.36
170,or-70-10-6-UC-30,140,350,140,0.61,1.01,1.86,3.53,4.36
171,or-60-10-5-UC-20,120,300,120,0.74,1.1,1.93,3.51,4.37
172,or-60-10-5-UC-30,120,300,120,0.64,1.03,1.92,3.52,4.39
173,or-60-5-1-UC-20,120,300,120,1.78,2.04,2.64,3.82,4.39
174,or-60-10-1-UC-40,120,300,120,0.82,1.26,1.97,3.62,4.41
175,s444_3_2,290,712,22,0.62,1.08,1.88,3.66,4.42
176,or-50-20-1-UC-40,100,250,100,0.62,0.99,1.78,3.29,4.48
177,or-60-10-5-UC-40,120,300,120,0.67,1.15,1.88,3.63,4.48
178,or-70-10-1-UC-40,140,350,140,0.69,1.02,1.91,3.61,4.48
179,or-70-10-5-UC-30,140,350,140,0.65,1.12,1.89,3.59,4.49
180,or-70-10-8-UC-40,140,350,140,0.59,1.02,1.91,3.6,4.52
181,or-70-10-2-UC-30,140,350,140,0.73,1.14,2.02,3.63,4.53
182,s382_3_2,263,635,22,0.69,1.07,1.93,3.71,4.54
183,or-50-20-6-UC-40,100,250,100,0.63,1.1,1.91,3.83,4.55
184,or-60-20-1-UC-40,120,300,120,0.84,1.33,2.12,3.48,4.56
185,or-60-20-1-UC-30,120,300,120,0.82,1.29,2.19,3.77,4.6
186,s344_7_4,215,540,22,0.72,1.26,2.08,3.73,4.6
187,s382_7_4,281,711,22,0.63,1.08,2.02,3.75,4.6
188,or-60-20-7-UC-40,120,300,120,0.7,1.24,2.09,3.8,4.61
189,or-70-10-5-UC-40,140,350,140,0.6,1.1,2.01,3.85,4.62
190,or-70-10-7-UC-40,140,350,140,0.76,1.16,2.02,3.74,4.62
191,or-70-20-6-UC-40,140,350,140,0.61,1.08,1.93,3.91,4.62
192,or-100-5-4-UC-40,200,500,200,0.72,1.17,2.04,3.84,4.67
193,or-50-20-10-UC-30,100,250,100,1.21,1.54,2.36,3.95,4.69
194,or-60-10-8-UC-40,120,300,120,0.63,0.95,1.78,3.39,4.69
195,or-70-10-2-UC-40,140,350,140,0.6,1.08,1.96,3.76,4.7
196,or-50-10-5-UC-30,100,250,100,1.37,1.7,2.51,4.04,4.71
197,or-60-20-8-UC-20,120,300,120,0.87,1.3,2.15,3.82,4.74
198,or-50-20-1-UC-30,100,250,100,0.87,1.25,2.23,3.93,4.75
199,or-60-20-8-UC-30,120,300,120,0.68,1.03,1.85,3.59,4.78
200,or-70-20-9-UC-30,140,350,140,0.71,1.15,2.07,3.86,4.79
201,or-60-20-10-UC-40,120,300,120,0.91,1.33,2.24,3.93,4.8
202,or-70-20-9-UC-40,140,350,140,0.66,1.11,2.04,3.98,4.8
203,or-70-10-8-UC-20,140,350,140,0.91,1.13,2.03,3.75,4.81
204,s820a_3_2,598,1627,21,0.63,1.03,2.04,3.92,4.81
205,or-70-20-9-UC-20,140,350,140,0.8,1.28,2.18,3.99,4.82
206,or-100-10-4-UC-60,200,500,200,0.63,1.12,2.11,3.98,4.92
207,or-100-10-1-UC-50,200,500,200,0.77,1.14,1.88,3.93,4.93
208,or-70-10-1-UC-20,140,350,140,0.97,1.5,2.36,4.09,4.93
209,or-60-20-3-UC-40,120,300,120,0.75,1.18,2.15,3.92,4.94
210,or-100-10-8-UC-60,200,500,200,0.7,1.09,1.96,4,4.95
211,or-50-10-9-UC-20,100,250,100,1.63,2,2.74,4.21,4.96
212,or-100-10-1-UC-60,200,500,200,0.65,1.12,2.11,4.02,4.97
213,or-100-10-8-UC-50,200,500,200,0.71,1.2,2.13,4.1,4.97
214,or-50-20-2-UC-30,100,250,100,1.54,1.9,2.82,4.36,4.97
215,or-70-10-1-UC-30,140,350,140,0.89,1.21,2.16,4.07,4.99
216,s344_15_7,284,824,22,1.28,1.56,2.18,3.94,4.99
217,s832a_3_2,606,1657,21,0.68,1.1,2.11,4.03,5.01
218,or-100-10-1-UC-40,200,500,200,0.65,1.11,2.04,3.92,5.02
219,or-100-10-4-UC-50,200,500,200,0.65,1.26,2.12,4.1,5.03
220,or-70-10-8-UC-30,140,350,140,0.65,1.05,1.97,3.81,5.04
221,or-70-20-6-UC-30,140,350,140,0.76,1.21,2.12,3.8,5.06
222,or-50-20-4-UC-40,100,250,100,0.94,1.74,2.36,4.17,5.07
223,or-50-20-3-UC-30,100,250,100,0.81,1.3,2.26,4.27,5.1
224,s820a_15_7,685,1987,21,0.7,1.16,2.18,4.22,5.1
225,or-60-10-1-UC-30,120,300,120,1.92,2.26,3,4.35,5.11
226,or-60-10-3-UC-40,120,300,120,1,1.41,2.2,3.79,5.11
227,or-50-20-3-UC-20,100,250,100,0.9,1.36,2.38,4.18,5.14
228,or-70-5-9-UC-10,140,350,140,2.33,2.34,3.42,4.42,5.15
229,or-70-10-7-UC-30,140,350,140,1.01,1.52,2.41,4.22,5.16
230,or-60-5-4-UC-10,120,300,120,1.51,1.93,2.75,4.4,5.18
231,or-50-20-3-UC-40,100,250,100,0.76,1.18,2.21,4.95,5.19
232,or-50-20-8-UC-10,100,250,100,2.26,2.65,3.42,4.77,5.2
233,s820a_7_4,616,1703,21,0.76,1.22,2.77,4.33,5.22
234,or-100-10-1-UC-30,200,500,200,0.81,1.3,2.33,4.27,5.23
235,or-60-20-3-UC-30,120,300,120,1.13,1.63,2.58,4.55,5.27
236,or-100-10-4-UC-40,200,500,200,0.75,1.29,2.28,4.27,5.28
237,or-100-10-3-UC-50,200,500,200,0.66,1.18,2.21,4.22,5.29
238,or-100-10-3-UC-60,200,500,200,0.65,1.18,2.23,4.23,5.29
239,or-60-5-10-UC-10,120,300,120,2.36,2.68,3.34,4.77,5.31
240,or-60-5-1-UC-10,120,300,120,2.27,2.6,3.22,4.42,5.33
241,or-100-10-8-UC-40,200,500,200,0.97,1.39,2.39,4.42,5.34
242,s832a_15_7,693,2017,21,0.75,1.22,2.27,4.32,5.36
243,or-100-5-10-UC-60,200,500,200,0.68,1.28,2.24,4.35,5.37
244,or-100-5-8-UC-50,200,500,200,0.7,1.23,2.3,4.37,5.39
245,or-50-20-5-UC-30,100,250,100,1.19,1.72,2.63,4.47,5.39
246,or-100-5-9-UC-40,200,500,200,0.71,1.21,2.28,4.39,5.4
247,or-100-10-3-UC-40,200,500,200,0.75,1.26,2.28,4.35,5.43
248,or-100-5-9-UC-30,200,500,200,0.73,1.17,2.25,4.3,5.43
249,or-100-5-9-UC-50,200,500,200,0.7,1.35,2.23,4.16,5.43
250,or-100-5-10-UC-40,200,500,200,0.65,1.25,2.28,4.12,5.45
251,or-100-10-2-UC-50,200,500,200,0.72,1.24,2.31,4.43,5.46
252,or-100-5-9-UC-60,200,500,200,0.7,1.22,2.25,4.35,5.46
253,or-60-10-8-UC-20,120,300,120,1.63,2.16,2.98,4.67,5.47
254,or-100-5-2-UC-60,200,500,200,0.77,1.21,2.26,4.42,5.48
255,or-70-5-4-UC-30,140,350,140,1.87,2.31,3.35,4.82,5.49
256,or-100-5-8-UC-60,200,500,200,0.7,1.19,2.27,4.29,5.51
257,or-50-20-6-UC-20,100,250,100,1.8,2.17,3.09,4.73,5.55
258,or-60-20-5-UC-40,120,300,120,1.54,1.99,2.96,4.64,5.55
259,or-100-5-2-UC-40,200,500,200,0.83,1.4,2.32,4.92,5.57
260,or-100-5-10-UC-50,200,500,200,0.71,1.22,2.26,4.4,5.6
261,or-100-10-2-UC-40,200,500,200,0.79,1.29,2.38,4.53,5.64
262,or-70-10-3-UC-20,140,350,140,1.53,1.94,2.75,4.37,5.64
263,or-100-10-6-UC-40,200,500,200,0.82,1.29,2.44,4.58,5.66
264,or-70-10-5-UC-20,140,350,140,1.94,2.74,3.48,5.56,5.66
265,or-100-5-6-UC-40,200,500,200,0.74,1.27,2.45,4.64,5.67
266,or-100-5-7-UC-60,200,500,200,0.72,1.28,2.38,4.52,5.67
267,or-60-10-3-UC-30,120,300,120,1.99,2.43,3.24,4.86,5.67
268,s349_15_7,285,829,22,1.78,2.29,3.15,4.8,5.67
269,or-100-5-6-UC-50,200,500,200,0.72,1.29,2.39,4.59,5.68
270,or-100-5-10-UC-30,200,500,200,0.8,1.29,2.36,4.52,5.74
271,or-100-5-5-UC-50,200,500,200,0.76,1.28,2.42,4.47,5.74
272,or-100-5-8-UC-40,200,500,200,0.7,1.25,2.28,4.47,5.76
273,or-100-10-5-UC-60,200,500,200,0.77,1.27,2.41,4.73,5.77
274,or-70-5-10-UC-20,140,350,140,2.17,2.61,3.28,4.82,5.78
275,or-100-5-1-UC-30,200,500,200,0.79,1.41,2.34,4.7,5.8
276,or-100-10-2-UC-60,200,500,200,0.72,1.32,2.36,4.58,5.84
277,or-60-20-10-UC-30,120,300,120,1.72,2.28,3.31,5.01,5.85
278,or-60-20-1-UC-20,120,300,120,1.85,2.38,3.31,4.93,5.85
279,s832a_7_4,624,1733,21,0.74,1.23,2.38,4.48,5.85
280,or-100-10-6-UC-50,200,500,200,0.79,1.33,2.42,4.87,5.89
281,or-100-5-2-UC-50,200,500,200,0.75,1.31,2.41,4.64,5.89
282,or-60-10-8-UC-10,120,300,120,2.11,2.49,3.35,5.07,5.89
283,or-100-5-3-UC-50,200,500,200,0.76,1.41,2.48,4.74,5.92
284,or-100-5-6-UC-60,200,500,200,0.71,1.26,2.14,4.49,5.92
285,s510_15_7,340,948,23,0.8,1.3,2.49,5.25,5.93
286,or-100-5-3-UC-60,200,500,200,0.72,1.3,2.37,4.62,5.96
287,or-50-20-4-UC-30,100,250,100,1.37,2.09,2.96,4.97,5.96
288,or-50-10-3-UC-20,100,250,100,2.28,2.74,3.94,5.07,5.97
289,or-60-20-3-UC-20,120,300,120,1.54,2.08,3.18,5.04,5.97
290,or-100-10-5-UC-50,200,500,200,0.82,1.39,2.54,4.91,5.98
291,or-100-5-3-UC-40,200,500,200,0.79,1.37,2.56,4.87,5.99
292,or-50-20-5-UC-40,100,250,100,0.77,1.34,2.29,4.2,6.02
293,or-100-10-7-UC-50,200,500,200,0.87,1.57,2.84,5.44,6.05
294,or-100-5-6-UC-30,200,500,200,0.76,1.38,2.44,4.75,6.06
295,or-100-5-3-UC-30,200,500,200,0.91,1.46,2.63,4.9,6.07
296,or-70-10-10-UC-20,140,350,140,2.55,3.11,3.79,5.24,6.09
297,or-100-5-7-UC-50,200,500,200,0.78,1.36,2.51,4.98,6.11
298,s344_3_2,197,464,22,0.87,1.57,2.6,4.98,6.12
299,or-100-5-7-UC-40,200,500,200,0.79,1.35,2.54,4.92,6.13
300,or-100-10-6-UC-60,200,500,200,0.77,1.34,2.53,4.86,6.17
301,or-50-20-4-UC-20,100,250,100,1.57,2.16,3.16,5.06,6.18
302,or-100-5-1-UC-60,200,500,200,0.8,1.36,2.57,5.11,6.2
303,or-100-5-4-UC-30,200,500,200,1.97,2.18,3.37,4.65,6.2
304,or-100-5-5-UC-40,200,500,200,0.83,1.4,2.64,5.28,6.21
305,or-100-5-5-UC-60,200,500,200,0.74,1.39,2.46,4.7,6.21
306,or-100-5-1-UC-40,200,500,200,0.85,1.41,2.58,5.05,6.22
307,or-70-20-5-UC-40,140,350,140,1.82,2.29,3.25,5.33,6.26
308,s510_3_2,298,768,23,0.84,1.38,2.49,5.18,6.26
309,or-50-5-1-UC-10,100,250,100,4.03,4.38,5.04,5.95,6.27
310,or-70-20-7-UC-40,140,350,140,1.19,1.84,3.25,5.1,6.27
311,or-70-20-2-UC-40,140,350,140,1.13,1.6,2.65,4.83,6.29
312,or-100-5-8-UC-30,200,500,200,1.36,1.93,3.01,5.26,6.32
313,or-100-10-10-UC-50,200,500,200,0.8,1.4,2.81,5.07,6.33
314,or-100-5-1-UC-50,200,500,200,0.76,1.36,2.54,5.08,6.4
315,s510_7_4,316,844,23,0.8,1.43,2.75,5.57,6.4
316,or-70-20-4-UC-40,140,350,140,0.79,1.37,2.5,5.05,6.42
317,or-70-20-4-UC-30,140,350,140,1.37,1.95,3.1,5.43,6.46
318,or-100-10-7-UC-60,200,500,200,0.79,1.48,2.71,5.22,6.51
319,or-100-5-3-UC-20,200,500,200,0.97,1.62,2.73,5.09,6.53
320,or-100-10-10-UC-30,200,500,200,1.07,1.6,3.06,5.73,6.54
321,or-60-5-7-UC-10,120,300,120,3.11,3.69,4.42,5.9,6.58
322,or-100-10-10-UC-60,200,500,200,0.84,1.41,2.67,5.22,6.59
323,or-70-5-7-UC-20,140,350,140,3.03,3.6,4.27,5.94,6.61
324,or-100-10-9-UC-60,200,500,200,0.84,1.81,2.84,6.08,6.68
325,Bench_blasted_287_1263_case110,287,1263,287,1.05,1.71,2.94,5.36,6.7
326,s1196a_3_2,690,1805,30,1.29,1.86,3.19,5.58,6.72
327,or-100-5-7-UC-30,200,500,200,1.48,2.05,3.26,5.77,6.79
328,or-100-10-10-UC-40,200,500,200,0.82,1.49,2.78,5.35,6.81
329,or-100-10-9-UC-50,200,500,200,1.01,1.76,2.78,5.3,6.86
330,or-100-20-6-UC-60,200,500,200,0.84,1.52,3.09,5.55,6.87
331,or-100-20-9-UC-40,200,500,200,0.93,1.63,2.89,5.4,6.88
332,or-50-5-9-UC-10,100,250,100,4.37,4.7,5.25,6.36,6.98
333,or-100-20-9-UC-60,200,500,200,0.93,1.51,2.92,5.67,7.01
334,or-70-20-10-UC-40,140,350,140,2.18,2.76,3.91,5.94,7.02
335,or-70-20-7-UC-30,140,350,140,1.76,2.31,3.47,5.76,7.04
336,or-50-20-10-UC-20,100,250,100,2.95,3.58,4.5,6.35,7.14
337,or-100-10-5-UC-40,200,500,200,1.46,1.98,3.2,5.7,7.17
338,or-100-20-9-UC-50,200,500,200,0.89,1.69,3.03,5.7,7.18
339,or-100-5-6-UC-20,200,500,200,1.99,2.66,3.9,5.87,7.19
340,s349_3_2,198,469,22,1.1,1.64,2.58,4.81,7.24
341,or-50-10-5-UC-20,100,250,100,3.64,4.17,4.96,6.61,7.25
342,s1238a_7_4,704,1926,30,1.47,2.2,3.37,5.46,7.28
343,or-100-20-3-UC-60,200,500,200,0.88,1.64,3.1,5.93,7.31
344,or-100-20-3-UC-50,200,500,200,0.95,1.61,3.07,6.06,7.32
345,s1196a_7_4,708,1881,30,1.54,2.17,3.52,6.07,7.43
346,or-100-20-5-UC-60,200,500,200,0.94,1.62,3.05,6,7.44
347,or-100-10-4-UC-30,200,500,200,2.84,3.4,4.46,6.6,7.56
348,or-70-5-2-UC-20,140,350,140,3.38,4.15,4.91,6.86,7.56
349,or-100-5-5-UC-30,200,500,200,2.28,2.82,4.26,6.47,7.59
350,or-100-10-7-UC-40,200,500,200,1.6,2.27,3.66,6.47,7.61
351,s420_new_15_7,351,934,32,0.97,1.81,3.91,6.2,7.61
352,or-70-20-3-UC-40,140,350,140,1.83,2.51,3.79,6.46,7.64
353,or-50-20-4-UC-10,100,250,100,3.17,3.79,4.77,6.74,7.68
354,s1238a_15_7,773,2210,30,2.8,3.31,4.43,6.72,7.76
355,s420_new1_15_7,366,994,32,1.01,1.78,3.36,6.36,7.9
356,or-50-10-3-UC-10,100,250,100,4.81,5.44,5.91,7.14,7.93
357,or-50-20-1-UC-20,100,250,100,3.14,3.82,4.84,6.86,7.98
358,or-100-10-6-UC-30,200,500,200,2.76,3.4,4.56,6.84,8
359,or-100-20-10-UC-60,200,500,200,1.28,2.07,3.48,6.46,8.02
360,s420_new1_7_4,312,770,32,0.98,1.76,3.37,6.56,8.02
361,s420_3_2,294,694,32,0.98,1.73,3.49,6.52,8.08
362,s420_15_7,366,994,32,1.12,1.86,3.3,6.87,8.14
363,s1238a_3_2,686,1850,30,1.4,2.12,3.69,8.02,8.19
364,or-100-20-8-UC-60,200,500,200,1.05,1.92,3.47,6.75,8.2
365,or-70-5-8-UC-20,140,350,140,4.6,5.14,5.85,7.64,8.25
366,or-100-20-5-UC-50,200,500,200,1.34,2.17,3.74,6.81,8.27
367,or-70-20-1-UC-40,140,350,140,3.17,3.81,5.02,7.29,8.34
368,or-100-20-8-UC-50,200,500,200,1.54,2.33,3.89,6.89,8.37
369,s420_7_4,312,770,32,1.07,1.76,3.51,6.71,8.39
370,s420_new_3_2,294,694,32,1.2,1.85,4.31,6.96,8.45
371,or-60-20-6-UC-40,120,300,120,4,4.63,5.62,7.55,8.48
372,s420_new_7_4,312,770,32,1.07,1.89,3.49,7.14,8.57
373,or-100-10-10-UC-20,200,500,200,2.55,3.25,4.51,7.21,8.59
374,or-70-20-8-UC-40,140,350,140,2.63,3.26,4.7,7.24,8.59
375,or-70-5-6-UC-20,140,350,140,5.14,5.82,6.62,7.99,8.71
376,s420_new1_3_2,294,694,32,1.03,1.95,3.67,7.04,8.71
377,or-100-10-7-UC-30,200,500,200,3.05,3.7,5.03,7.67,8.91
378,or-100-20-7-UC-60,200,500,200,1.11,2.01,3.73,7.32,8.94
379,or-60-20-7-UC-30,120,300,120,4.41,5.03,5.92,8.04,8.96
380,or-100-5-2-UC-30,200,500,200,3.77,4.45,5.56,6.98,9
381,or-100-20-4-UC-50,200,500,200,2.34,3.79,5.8,8.94,9.53
382,or-100-20-6-UC-50,200,500,200,2.4,3.24,4.92,8.28,9.58
383,or-50-10-5-UC-10,100,250,100,5.29,6.62,7.15,8.65,9.66
384,or-100-20-2-UC-40,200,500,200,1.98,2.94,4.69,7.19,9.72
385,or-100-20-1-UC-60,200,500,200,1.14,2.07,3.99,7.78,9.78
386,or-100-20-4-UC-60,200,500,200,1.66,2.72,4.19,8.01,9.78
387,or-100-20-1-UC-50,200,500,200,1.11,1.97,3.71,7.31,9.83
388,or-100-5-1-UC-20,200,500,200,4.48,5.08,6.2,8.67,9.84
389,or-50-10-6-UC-10,100,250,100,7.15,7.41,7.99,9.22,9.85
390,or-60-20-2-UC-20,120,300,120,4.75,5.51,6.55,9.56,9.94
391,or-100-10-3-UC-30,200,500,200,5.22,5.64,6.79,9.51,10.17
392,or-60-5-3-UC-20,120,300,120,7.08,7.86,8.41,10.06,10.23
393,or-60-10-5-UC-10,120,300,120,6.11,6.75,7.54,9.28,10.36
394,or-100-20-10-UC-50,200,500,200,3.1,4.02,5.69,8.82,10.41
395,or-70-5-4-UC-20,140,350,140,6.96,6.8,8.28,8.76,10.56
396,s953a_7_4,533,1373,43,1.42,2.52,4.66,8.78,10.72
397,or-70-5-5-UC-20,140,350,140,7.31,8.04,8.39,9.99,10.83
398,or-60-20-4-UC-40,120,300,120,4.99,5.79,7.22,9.22,11.09
399,or-50-20-10-UC-10,100,250,100,6.58,6.64,7.66,9.68,11.24
400,or-70-20-6-UC-20,140,350,140,5.51,6.34,7.64,10.12,11.32
401,or-50-5-8-UC-10,100,250,100,8.43,9.95,10.04,10.95,11.38
402,s382_15_7,350,995,22,8.76,9.19,9.68,11.39,11.4
403,s953a_15_7,602,1657,43,1.71,2.71,4.87,9.8,11.4
404,blasted_case35,400,1414,44,2.38,3.22,5.31,9.38,11.41
405,or-50-20-5-UC-20,100,250,100,6.6,7.16,8.49,10.73,11.61
406,or-100-20-1-UC-40,200,500,200,4.09,4.79,6.56,9.94,11.78
407,or-70-10-6-UC-20,140,350,140,7.07,6.87,8.09,9.97,11.82
408,or-100-20-7-UC-50,200,500,200,3.97,4.82,6.79,10.9,12.25
409,or-60-5-9-UC-10,120,300,120,10.03,10.23,11.66,12.33,12.51
410,or-50-10-9-UC-10,100,250,100,9,9.6,10.33,11.68,12.57
411,s953a_3_2,515,1297,43,1.73,3.01,5.18,10.21,12.57
412,or-70-10-2-UC-20,140,350,140,8.14,8.97,9.87,11.65,12.62
413,or-70-20-1-UC-20,140,350,140,7.25,7.93,9.15,12.76,12.75
414,or-50-20-7-UC-10,100,250,100,8.72,9.38,10.34,12.06,12.76
415,or-100-20-5-UC-40,200,500,200,4.8,5.83,7.72,11.45,12.8
416,or-50-5-4-UC-20,100,250,100,9.64,9.47,11.39,11.01,13.06
417,or-60-5-5-UC-10,120,300,120,9.93,10.22,10.88,12.28,13.07
418,or-60-10-9-UC-10,120,300,120,9.25,9.82,10.83,12.27,13.28
419,or-60-20-3-UC-10,120,300,120,8.09,8.84,10.06,13.21,13.67
420,or-100-10-8-UC-30,200,500,200,8.4,10.23,10.55,12.68,13.75
421,or-100-5-10-UC-20,200,500,200,8.91,9.66,10.8,13.33,14.27
422,or-60-10-3-UC-20,120,300,120,10.68,11.16,12.28,14.12,14.6
423,or-70-20-9-UC-10,140,350,140,9.31,9.92,11.09,13.84,14.85
424,or-70-20-1-UC-30,140,350,140,8.6,9.71,11.23,13.87,14.97
425,or-60-20-4-UC-30,120,300,120,8.9,9.73,11.15,14.06,15.05
426,or-100-10-1-UC-20,200,500,200,9.78,10.31,12.42,13.96,15.13
427,or-60-5-2-UC-10,120,300,120,12.35,12.92,13.43,14.76,15.31
428,or-100-10-9-UC-40,200,500,200,8.94,10.07,9.99,13.68,15.5
429,or-60-10-2-UC-20,120,300,120,12.1,12.26,13.94,14.94,15.87
430,or-100-20-6-UC-40,200,500,200,7.89,8.86,10.9,13.84,16.38
431,or-70-10-9-UC-10,140,350,140,12.35,12.68,13.49,15.75,16.4
432,s838_15_7,685,1774,64,2.9,4.53,7.47,14.12,16.67
433,s838_7_4,616,1490,64,2.06,3.63,7.04,13.61,17.28
434,or-70-20-2-UC-30,140,350,140,10.73,11.56,13.28,16.18,17.53
435,or-50-20-2-UC-20,100,250,100,12.58,13.2,14.36,16.94,17.68
436,s838_3_2,598,1414,64,1.98,3.77,7.52,14.19,17.68
437,LoginService2.sk_23_36,11511,41411,34,15.8,16.12,16.68,18.3,18.36
438,or-70-10-8-UC-10,140,350,140,14.55,14,16.13,16.6,19.33
439,or-70-10-3-UC-10,140,350,140,15.06,15.34,16.47,18.57,19.51
440,s526a_3_2,366,944,22,16.85,17.37,17.75,19.67,19.87
441,or-50-10-4-UC-10,100,250,100,17.12,18.98,18.36,19.81,20.34
442,or-60-5-6-UC-10,120,300,120,18.67,19.29,19.9,21.4,22.29
443,or-60-10-7-UC-10,120,300,120,18.66,18.76,20.23,21.87,22.47
444,or-50-20-6-UC-10,100,250,100,18.29,18.85,20.51,22.62,23.59
445,or-60-20-6-UC-30,120,300,120,17.44,18.27,19.8,22.96,24.02
446,or-50-20-5-UC-10,100,250,100,18.52,19.52,22.22,23.54,24.28
447,or-60-10-1-UC-20,120,300,120,21.25,20.72,21.51,23.17,24.36
448,or-60-10-4-UC-10,120,300,120,21.82,21.79,23.33,25.48,25.42
449,or-70-5-5-UC-10,140,350,140,21.69,22.31,22.78,24.24,25.71
450,blasted_case_2_b12_2,827,2725,43,19.8,20.53,22.11,25.38,26.38
451,or-100-10-2-UC-30,200,500,200,19.53,19.93,22.22,24.22,26.76
452,or-100-5-9-UC-20,200,500,200,22.57,23.33,23.97,26.76,28.05
453,or-50-10-1-UC-10,100,250,100,25.51,25.9,27.77,36.57,28.89
454,or-100-10-5-UC-30,200,500,200,22.7,23.57,25.51,28.69,29.65
455,s641_3_2,489,1039,52,18.99,20.76,23.1,27.12,29.76
456,or-70-10-7-UC-20,140,350,140,25.94,26.18,25.6,30.17,30.88
457,or-100-5-8-UC-20,200,500,200,32.07,33.04,33.79,36.28,37.91
458,or-50-5-7-UC-10,100,250,100,41.32,39.76,42.94,39.23,39.21
459,blockmap_05_01.net,1411,2737,1411,3.9,7.73,15.25,31.22,40.14
460,or-70-20-8-UC-30,140,350,140,34.16,34.96,36.54,39.62,41.29
461,blasted_case121,291,975,46,34.6,35.31,37.2,40.15,41.97
462,or-70-20-5-UC-30,140,350,140,37.17,37.52,38.77,42.65,43.6
463,or-60-20-5-UC-30,120,300,120,35.37,35.49,38.52,40.29,45.19
464,or-70-10-1-UC-10,140,350,140,41.11,42.91,42.08,45.14,45.62
465,or-100-20-8-UC-40,200,500,200,36.41,38.27,42.84,44.59,46.43
466,blockmap_05_02.net,1738,3452,1738,5.18,10.25,20.3,40.59,50.95
467,or-60-20-10-UC-20,120,300,120,46.93,46.58,48.27,51.32,53.08
468,or-60-10-2-UC-10,120,300,120,49.39,50.61,51.4,53.02,54.18
469,s526_7_4,383,1019,22,54.78,53.17,53.5,54.98,55.05
470,or-60-20-9-UC-10,120,300,120,50.25,51.15,51.94,55.26,56.78
471,or-100-20-4-UC-40,200,500,200,49.86,50.61,50.69,56.44,57
472,or-50-20-9-UC-10,100,250,100,52.2,52.55,54.72,56.66,57.46
473,or-50-20-4,100,250,100,57.13,60.3,60.4,64.11,65.43
474,or-50-20-3-UC-10,100,250,100,58.34,60.79,62.77,65.25,66.16
475,s713_3_2,509,1117,52,55.59,57.47,59.46,59.87,67.47
476,or-70-5-8-UC-10,140,350,140,63.83,63.55,66.94,67.61,69
477,or-70-20-3-UC-30,140,350,140,58.91,61.49,63.24,66.45,69.08
478,or-70-5-10-UC-10,140,350,140,70.21,72.83,71.83,73.05,73.17
479,or-100-20-7-UC-30,200,500,200,68.86,68.73,64.28,78.77,76.11
480,or-50-5-5-UC-10,100,250,100,76.62,74.98,77.96,78.49,80.28
481,or-100-20-10-UC-40,200,500,200,65.27,67.51,71.11,75.37,82.34
482,or-100-5-5-UC-20,200,500,200,78.12,78.13,80.94,83.85,84.26
483,or-70-20-2-UC-20,140,350,140,76.61,78.97,80.53,83.53,84.26
484,or-60-20-8-UC-10,120,300,120,85.06,86.65,87.11,90.75,91.45
485,or-60-20-4-UC-20,120,300,120,87.62,89.02,91.07,102.64,97.33
486,or-100-10-6-UC-20,200,500,200,102.05,96.66,98.35,101.62,102.26
487,or-70-20-1-UC-10,140,350,140,92.75,92.66,95.46,98.71,102.75
488,or-100-20-9-UC-30,200,500,200,86.18,92.42,97,106.73,105.65
489,or-100-5-2-UC-20,200,500,200,100.41,100.7,100.88,104.54,106.89
490,or-70-5-1-UC-10,140,350,140,106.38,107.18,109.07,108.2,112.64
491,or-100-10-9-UC-30,200,500,200,96.26,109.27,108.81,112.77,114.21
492,or-100-20-7-UC-40,200,500,200,110.42,110.55,114.2,119.17,121.12
493,or-100-20-6-UC-30,200,500,200,109.42,112.81,113.23,121.28,122.02
494,or-50-10-7-UC-10,100,250,100,117.52,118,120.58,122.22,122.62
495,or-50-20-1-UC-10,100,250,100,115.32,116.18,115.66,121.78,122.89
496,or-50-20-6,100,250,100,116.84,118.04,120.17,124.63,125.87
497,or-50-10-2,100,250,100,116.42,140.45,133.38,134.35,131.4
498,or-100-10-8-UC-20,200,500,200,127.35,124.13,114.51,119.16,134.03
499,s526_15_7,452,1303,22,136.92,128.72,122.58,124.58,140.15
500,or-100-5-7-UC-20,200,500,200,136.31,137.89,138.61,143.16,141.11
501,or-50-5-4-UC-10,100,250,100,140.55,143.64,143.32,149.08,143.4
502,or-50-20-2,100,250,100,140.17,140.77,143.22,145.43,148.1
503,or-50-5-2-UC-10,100,250,100,164.25,153.6,156.73,156.22,154.21
504,or-50-10-1,100,250,100,148.21,152.24,151.7,156.89,155.26
505,or-100-20-3-UC-40,200,500,200,147.3,149.97,148.43,153.91,156.7
506,or-50-5-10,100,250,100,153.26,169.89,151.5,172.14,162.13
507,or-70-20-10-UC-30,140,350,140,150.96,151.84,154.71,159.76,162.27
508,or-60-10-1-UC-10,120,300,120,158.95,161.44,162.82,161.84,163.68
509,or-70-10-4-UC-30,140,350,140,152.88,149.96,150.3,157.17,164.51
510,or-60-10-10-UC-10,120,300,120,202.47,176.22,185.23,174.59,176.93
511,or-100-10-7-UC-20,200,500,200,168.82,170.26,176.46,176.22,180.17
512,or-100-5-3-UC-10,200,500,200,167.92,165.25,166.1,167.49,180.94
513,or-70-20-7-UC-20,140,350,140,171.68,171.83,176.81,179.01,182.13
514,or-100-10-2-UC-20,200,500,200,176.22,177.04,177.17,180.79,185.11
515,blasted_squaring9,1434,5028,70,177.56,178.76,181.22,187.93,185.97
516,or-60-5-8-UC-10,120,300,120,187.21,180.09,195.9,187.81,186.36
517,ProjectService3.sk_12_55,3175,11019,53,184.22,184.99,188.33,191.16,193.92
518,or-100-20-2-UC-30,200,500,200,186.84,185.47,188.57,193.19,196.43
519,blasted_case_1_b11_1,340,1026,46,194.69,199.27,198.91,202.82,200.68
520,or-50-5-1,100,250,100,197.58,195.85,196.19,195.36,203.49
521,s713_7_4,527,1193,52,205.02,205.2,208.06,215.14,214.55
522,or-50-20-3,100,250,100,211.87,234.47,231.71,236.76,229.73
523,or-70-10-6-UC-10,140,350,140,221.7,220.77,229.64,233.5,231.75
524,or-60-20-6-UC-20,120,300,120,221.11,227.44,225.1,220.85,231.88
525,or-70-20-2-UC-10,140,350,140,214.45,227.75,257.64,248.23,236.44
526,or-50-10-3,100,250,100,237.01,235.41,235.14,240.29,240.96
527,or-50-5-4,100,250,100,233.52,240.18,243.83,242.65,243.04
528,or-70-5-2-UC-10,140,350,140,243.18,240.76,250.34,246.16,246.67
529,s641_7_4,507,1115,52,242.42,244.94,245.58,247.31,252.46
530,or-100-10-5-UC-20,200,500,200,266.04,269.8,240.02,277.04,263.29
531,or-50-5-3,100,250,100,285.77,272.61,267.87,278.12,268.25
532,or-70-5-7-UC-10,140,350,140,273.07,279.98,276.43,275.21,279.56
533,or-100-20-2-UC-60,200,500,200,266.85,272.71,276.56,284.27,285
534,or-50-20-2-UC-10,100,250,100,276.59,257.63,278.05,257.41,286.97
535,or-100-20-10-UC-30,200,500,200,293.61,294.79,304.62,323.45,302.8
536,or-100-20-5-UC-30,200,500,200,317.77,318.62,320.43,334.42,302.91
537,or-50-10-5,100,250,100,318.47,315.27,313.31,318.94,319.45
538,or-60-5-3-UC-10,120,300,120,320.41,322.17,321.84,327.85,327.54
539,or-50-20-9,100,250,100,328.13,328.72,329.13,336.07,337.15
540,blasted_squaring7,1628,5837,70,338.5,343.2,343.66,347.02,337.48
541,or-60-20-1-UC-10,120,300,120,323.82,340.77,336.7,325.67,343.93
542,or-50-20-1,100,250,100,338.9,339.89,350.11,351.22,346.8
543,or-70-5-4-UC-10,140,350,140,348.76,338.42,350.12,346.39,348.88
544,or-50-5-6,100,250,100,345.46,354.14,361.03,354.81,350.12
545,or-60-20-7-UC-20,120,300,120,343.97,342.02,344.44,347.55,351.45
546,or-50-20-5,100,250,100,348.01,341.31,344,356.02,355.13
547,or-50-10-9,100,250,100,376.72,370.14,379.26,372.56,375.16
548,or-70-10-5-UC-10,140,350,140,377.45,379.8,379.46,386.13,387.09
549,or-50-5-5,100,250,100,402.91,415.04,418.14,406.49,392.49
550,or-50-5-7,100,250,100,435.76,424.86,426.64,431.23,426.58
551,or-50-10-4,100,250,100,445.77,449.48,440.16,445.17,430.02
552,or-50-10-6,100,250,100,462.89,446.77,449.26,449.87,455.01
553,or-70-20-7-UC-10,140,350,140,449.69,451.73,454.04,462.72,460.58
554,or-70-20-5-UC-20,140,350,140,454.95,454.8,462.08,461.33,471
555,or-60-10-6-UC-10,120,300,120,457.07,464.29,463.98,463.76,471.74
556,or-70-10-4-UC-20,140,350,140,456.31,446.59,448.52,460.15,479.99
557,or-60-20-2-UC-10,120,300,120,467.74,484.94,462.66,465.34,485.55
558,or-100-10-4-UC-20,200,500,200,494.39,509,493.42,488.56,502.68
559,or-70-20-3-UC-20,140,350,140,485.77,491.86,498.97,502.61,515.42
560,s35932_15_7,17918,44709,1761,61.98,98.39,221.23,380.15,519.91
561,s35932_7_4,17849,44425,1761,63.34,106.83,197.93,413.34,521.51
562,s35932_3_2,17831,44349,1761,54.48,107.1,212.05,429.91,523.67
563,or-50-20-7,100,250,100,532.98,531.15,533.23,530.76,527.17
564,or-60-20-4-UC-10,120,300,120,572.35,585.92,578.88,589.14,596.45
565,or-60-20-10-UC-10,120,300,120,639.45,660.22,616.63,611.68,617.85
566,s641_15_7,576,1399,52,705.01,699.14,668.55,708.11,640.34
567,or-50-20-8,100,250,100,626.73,635.53,638.26,642.03,648.09
568,or-50-20-10,100,250,100,656.92,604.07,661.42,677.18,682.38
569,or-70-10-10-UC-10,140,350,140,701.13,701.04,706.06,714.28,706.06
570,or-50-10-7,100,250,100,733.99,671.76,703.28,671.85,712.18
571,or-60-10-3-UC-10,120,300,120,710.7,710.43,712.36,712.92,712.73
572,or-70-20-6-UC-10,140,350,140,716.65,718.11,725.16,752.28,734.8
573,or-50-10-10,100,250,100,764.36,763.3,771.32,789.28,780.02
574,or-50-5-8,100,250,100,884.23,849.18,801.44,797.31,805.93
575,or-50-5-9,100,250,100,831.94,832.08,807.46,901.12,817.29
576,or-60-20-5-UC-20,120,300,120,785.61,806.76,808.67,828.84,842.76
577,or-60-20-7-UC-10,120,300,120,862.68,849.14,916.92,875.06,848.16
578,or-100-20-8-UC-30,200,500,200,936.41,932.62,941.89,951.43,941.19
579,or-50-10-8,100,250,100,961.53,947.83,946.61,953.24,964.24
580,or-70-20-10-UC-10,140,350,140,1053.85,1050.96,1068.76,1075.34,1064.3
581,or-100-5-6-UC-10,200,500,200,1152.11,1053.1,1179.82,1042.13,1137.71
582,or-100-10-3-UC-20,200,500,200,1329.37,1309.84,1243.29,1330.83,1260.81
583,or-70-10-2-UC-10,140,350,140,1255.33,1279.93,1249.28,1284.39,1263.85
584,or-100-5-1-UC-10,200,500,200,1353.79,1295.96,1287.15,1317.82,1323.11
585,or-70-20-4-UC-20,140,350,140,1333.54,1306.28,1318.24,1328.34,1337.93
586,or-100-20-4-UC-20,200,500,200,1396.71,1440.12,1448.97,1427.28,1453.67
587,or-60-20-6-UC-10,120,300,120,1465.34,1458.23,1494.46,1499.67,1488.23
588,blasted_squaring10,1099,3632,70,MO,MO,MO,MO,MO
589,blasted_squaring12,1507,5210,70,MO,MO,MO,MO,MO
590,blasted_squaring14,1458,5009,70,MO,MO,MO,MO,MO
591,blasted_squaring16,1627,5835,70,MO,MO,MO,MO,MO
592,blasted_squaring1,891,2839,70,MO,MO,MO,MO,MO
593,blasted_squaring8,1101,3642,70,MO,MO,MO,MO,MO
594,enqueueSeqSK.sk_10_42,16466,58515,40,MO,MO,MO,MO,MO
595,karatsuba.sk_7_41,19594,82417,39,MO,MO,MO,MO,MO
596,lang12,576,13584,576,MO,MO,MO,MO,MO
597,or-100-10-10,200,500,200,MO,MO,MO,MO,MO
598,or-100-10-10-UC-10,200,500,200,MO,MO,MO,MO,MO
599,or-100-10-1,200,500,200,MO,MO,MO,MO,MO
600,or-100-10-1-UC-10,200,500,200,MO,MO,MO,MO,MO
601,or-100-10-2,200,500,200,MO,MO,MO,MO,MO
602,or-100-10-2-UC-10,200,500,200,MO,MO,MO,MO,MO
603,or-100-10-3,200,500,200,MO,MO,MO,MO,MO
604,or-100-10-3-UC-10,200,500,200,MO,MO,MO,MO,MO
605,or-100-10-4,200,500,200,MO,MO,MO,MO,MO
606,or-100-10-4-UC-10,200,500,200,MO,MO,MO,MO,MO
607,or-100-10-5,200,500,200,MO,MO,MO,MO,MO
608,or-100-10-5-UC-10,200,500,200,MO,MO,MO,MO,MO
609,or-100-10-6,200,500,200,MO,MO,MO,MO,MO
610,or-100-10-6-UC-10,200,500,200,MO,MO,MO,MO,MO
611,or-100-10-7,200,500,200,MO,MO,MO,MO,MO
612,or-100-10-7-UC-10,200,500,200,MO,MO,MO,MO,MO
613,or-100-10-8,200,500,200,MO,MO,MO,MO,MO
614,or-100-10-8-UC-10,200,500,200,MO,MO,MO,MO,MO
615,or-100-10-9,200,500,200,MO,MO,MO,MO,MO
616,or-100-10-9-UC-10,200,500,200,MO,MO,MO,MO,MO
617,or-100-10-9-UC-20,200,500,200,MO,MO,MO,MO,MO
618,or-100-20-10,200,500,200,MO,MO,MO,MO,MO
619,or-100-20-10-UC-10,200,500,200,MO,MO,MO,MO,MO
620,or-100-20-10-UC-20,200,500,200,TO,TO,TO,TO,TO
621,or-100-20-1,200,500,200,MO,MO,MO,MO,MO
622,or-100-20-1-UC-10,200,500,200,MO,MO,MO,MO,MO
623,or-100-20-1-UC-20,200,500,200,MO,MO,MO,MO,MO
624,or-100-20-1-UC-30,200,500,200,MO,MO,MO,MO,MO
625,or-100-20-2,200,500,200,MO,MO,MO,MO,MO
626,or-100-20-2-UC-10,200,500,200,MO,MO,MO,MO,MO
627,or-100-20-2-UC-20,200,500,200,MO,MO,MO,MO,MO
628,or-100-20-2-UC-50,200,500,200,MO,MO,MO,MO,MO
629,or-100-20-3,200,500,200,MO,MO,MO,MO,MO
630,or-100-20-3-UC-10,200,500,200,MO,MO,MO,MO,MO
631,or-100-20-3-UC-20,200,500,200,MO,MO,MO,MO,MO
632,or-100-20-3-UC-30,200,500,200,MO,MO,MO,MO,MO
633,or-100-20-4,200,500,200,MO,MO,MO,MO,MO
634,or-100-20-4-UC-10,200,500,200,MO,MO,MO,MO,MO
635,or-100-20-4-UC-30,200,500,200,MO,MO,MO,MO,MO
636,or-100-20-5,200,500,200,MO,MO,MO,MO,MO
637,or-100-20-5-UC-10,200,500,200,MO,MO,MO,MO,MO
638,or-100-20-5-UC-20,200,500,200,MO,MO,MO,MO,MO
639,or-100-20-6,200,500,200,MO,MO,MO,MO,MO
640,or-100-20-6-UC-10,200,500,200,MO,MO,MO,MO,MO
641,or-100-20-6-UC-20,200,500,200,MO,MO,MO,MO,MO
642,or-100-20-7,200,500,200,MO,MO,MO,MO,MO
643,or-100-20-7-UC-10,200,500,200,MO,MO,MO,MO,MO
644,or-100-20-7-UC-20,200,500,200,MO,MO,MO,MO,MO
645,or-100-20-8,200,500,200,MO,MO,MO,MO,MO
646,or-100-20-8-UC-10,200,500,200,MO,MO,MO,MO,MO
647,or-100-20-8-UC-20,200,500,200,MO,MO,MO,MO,MO
648,or-100-20-9,200,500,200,MO,MO,MO,MO,MO
649,or-100-20-9-UC-10,200,500,200,MO,MO,MO,MO,MO
650,or-100-20-9-UC-20,200,500,200,MO,MO,MO,MO,MO
651,or-100-5-10,200,500,200,MO,MO,MO,MO,MO
652,or-100-5-10-UC-10,200,500,200,MO,MO,MO,MO,MO
653,or-100-5-1,200,500,200,MO,MO,MO,MO,MO
654,or-100-5-2,200,500,200,MO,MO,MO,MO,MO
655,or-100-5-2-UC-10,200,500,200,MO,MO,MO,MO,MO
656,or-100-5-3,200,500,200,MO,MO,MO,MO,MO
657,or-100-5-4,200,500,200,MO,MO,MO,MO,MO
658,or-100-5-4-UC-10,200,500,200,MO,MO,MO,MO,MO
659,or-100-5-4-UC-20,200,500,200,MO,MO,MO,MO,MO
660,or-100-5-5,200,500,200,MO,MO,MO,MO,MO
661,or-100-5-5-UC-10,200,500,200,MO,MO,MO,MO,MO
662,or-100-5-6,200,500,200,MO,MO,MO,MO,MO
663,or-100-5-7,200,500,200,MO,MO,MO,MO,MO
664,or-100-5-7-UC-10,200,500,200,MO,MO,MO,MO,MO
665,or-100-5-8,200,500,200,MO,MO,MO,MO,MO
666,or-100-5-8-UC-10,200,500,200,MO,MO,MO,MO,MO
667,or-100-5-9,200,500,200,MO,MO,MO,MO,MO
668,or-100-5-9-UC-10,200,500,200,MO,MO,MO,MO,MO
669,or-50-5-2,100,250,100,MO,MO,MO,MO,MO
670,or-60-10-10,120,300,120,MO,TO,TO,TO,MO
671,or-60-10-1,120,300,120,MO,MO,MO,MO,MO
672,or-60-10-2,120,300,120,MO,MO,MO,MO,MO
673,or-60-10-3,120,300,120,MO,MO,MO,MO,MO
674,or-60-10-4,120,300,120,MO,MO,MO,MO,MO
675,or-60-10-5,120,300,120,MO,MO,MO,MO,MO
676,or-60-10-6,120,300,120,MO,MO,MO,MO,MO
677,or-60-10-7,120,300,120,MO,MO,MO,MO,MO
678,or-60-10-8,120,300,120,MO,MO,MO,MO,MO
679,or-60-10-9,120,300,120,MO,MO,MO,MO,MO
680,or-60-20-10,120,300,120,MO,MO,MO,MO,MO
681,or-60-20-1,120,300,120,MO,MO,MO,MO,MO
682,or-60-20-2,120,300,120,MO,MO,MO,MO,MO
683,or-60-20-3,120,300,120,MO,MO,MO,MO,MO
684,or-60-20-4,120,300,120,MO,MO,MO,MO,MO
685,or-60-20-5,120,300,120,MO,MO,MO,MO,MO
686,or-60-20-5-UC-10,120,300,120,TO,TO,TO,TO,TO
687,or-60-20-6,120,300,120,MO,MO,MO,MO,MO
688,or-60-20-7,120,300,120,MO,MO,MO,MO,MO
689,or-60-20-8,120,300,120,TO,TO,TO,TO,TO
690,or-60-20-9,120,300,120,MO,MO,MO,MO,MO
691,or-60-5-10,120,300,120,MO,MO,MO,MO,MO
692,or-60-5-1,120,300,120,MO,MO,MO,MO,MO
693,or-60-5-2,120,300,120,MO,MO,MO,MO,MO
694,or-60-5-3,120,300,120,MO,MO,MO,MO,MO
695,or-60-5-4,120,300,120,MO,MO,MO,MO,MO
696,or-60-5-5,120,300,120,MO,MO,MO,MO,MO
697,or-60-5-6,120,300,120,MO,MO,MO,MO,MO
698,or-60-5-7,120,300,120,TO,MO,TO,TO,TO
699,or-60-5-8,120,300,120,MO,MO,MO,MO,MO
700,or-60-5-9,120,300,120,MO,MO,MO,MO,MO
701,or-70-10-10,140,350,140,MO,MO,MO,MO,MO
702,or-70-10-1,140,350,140,MO,MO,MO,MO,MO
703,or-70-10-2,140,350,140,MO,MO,MO,MO,MO
704,or-70-10-3,140,350,140,MO,MO,MO,MO,MO
705,or-70-10-4,140,350,140,MO,MO,MO,MO,MO
706,or-70-10-4-UC-10,140,350,140,TO,TO,TO,TO,TO
707,or-70-10-5,140,350,140,MO,MO,MO,MO,MO
708,or-70-10-6,140,350,140,MO,MO,MO,MO,MO
709,or-70-10-7,140,350,140,MO,MO,MO,MO,MO
710,or-70-10-7-UC-10,140,350,140,MO,MO,MO,MO,MO
711,or-70-10-8,140,350,140,MO,MO,MO,MO,MO
712,or-70-10-9,140,350,140,MO,MO,MO,MO,MO
713,or-70-20-10,140,350,140,MO,MO,MO,MO,MO
714,or-70-20-10-UC-20,140,350,140,MO,MO,MO,MO,MO
715,or-70-20-1,140,350,140,MO,MO,MO,MO,MO
716,or-70-20-2,140,350,140,MO,MO,MO,MO,MO
717,or-70-20-3,140,350,140,MO,MO,MO,MO,MO
718,or-70-20-3-UC-10,140,350,140,MO,MO,MO,MO,MO
719,or-70-20-4,140,350,140,MO,MO,MO,MO,MO
720,or-70-20-4-UC-10,140,350,140,MO,MO,MO,MO,MO
721,or-70-20-5,140,350,140,MO,MO,MO,MO,MO
722,or-70-20-5-UC-10,140,350,140,TO,TO,TO,TO,TO
723,or-70-20-6,140,350,140,MO,MO,MO,MO,MO
724,or-70-20-7,140,350,140,MO,MO,MO,MO,MO
725,or-70-20-8,140,350,140,MO,MO,MO,MO,MO
726,or-70-20-8-UC-10,140,350,140,MO,MO,MO,MO,MO
727,or-70-20-8-UC-20,140,350,140,MO,MO,MO,MO,MO
728,or-70-20-9,140,350,140,MO,MO,MO,MO,MO
729,or-70-5-10,140,350,140,MO,MO,MO,MO,MO
730,or-70-5-1,140,350,140,MO,MO,MO,MO,MO
731,or-70-5-2,140,350,140,MO,MO,MO,MO,MO
732,or-70-5-3,140,350,140,MO,MO,MO,MO,MO
733,or-70-5-4,140,350,140,MO,MO,MO,MO,MO
734,or-70-5-5,140,350,140,MO,MO,MO,MO,MO
735,or-70-5-6,140,350,140,MO,MO,MO,MO,MO
736,or-70-5-6-UC-10,140,350,140,MO,MO,MO,MO,MO
737,or-70-5-7,140,350,140,MO,MO,MO,MO,MO
738,or-70-5-8,140,350,140,MO,MO,MO,MO,MO
739,or-70-5-9,140,350,140,MO,MO,MO,MO,MO
740,ProcessBean.sk_8_64,4768,14458,62,MO,MO,MO,MO,MO
741,s1196a_15_7,777,2165,30,MO,MO,MO,MO,MO
742,s13207a_15_7,9455,20919,698,MO,MO,MO,MO,MO
743,s13207a_3_2,9368,20559,698,MO,MO,MO,MO,MO
744,s13207a_7_4,9386,20635,698,MO,MO,MO,MO,MO
745,s1423a_15_7,864,2248,89,MO,MO,MO,MO,MO
746,s1423a_3_2,777,1888,89,MO,MO,MO,MO,MO
747,s1423a_7_4,795,1964,89,MO,MO,MO,MO,MO
748,s15850a_15_7,10995,24836,609,MO,MO,MO,MO,MO
749,s15850a_3_2,10908,24476,609,MO,MO,MO,MO,MO
750,s15850a_7_4,10926,24552,609,MO,MO,MO,MO,MO
751,s27_3_2,20,43,5,MO,MO,MO,MO,MO
752,s27_7_4,24,63,5,MO,MO,MO,MO,MO
753,s27_new_15_7,17,43,5,MO,MO,MO,MO,MO
754,s27_new_7_4,17,35,5,MO,MO,MO,MO,MO
755,s298_3_2,205,510,15,MO,MO,MO,MO,MO
756,s349_7_4,216,545,22,MO,MO,MO,MO,MO
757,s38417_15_7,25615,57946,1662,MO,MO,MO,MO,MO
758,s38417_3_2,25528,57586,1662,MO,MO,MO,MO,MO
759,s38417_7_4,25546,57662,1662,MO,MO,MO,MO,MO
760,s38584_15_7,23492,57754,1462,MO,MO,MO,MO,MO
761,s38584_3_2,23405,57394,1462,MO,MO,MO,MO,MO
762,s38584_7_4,23423,57470,1462,MO,MO,MO,MO,MO
763,s444_7_4,308,788,22,MO,MO,MO,MO,MO
764,s526a_15_7,453,1304,22,MO,MO,MO,MO,MO
765,s526a_7_4,384,1020,22,MO,MO,MO,MO,MO
766,s5378a_15_7,3766,8732,212,MO,MO,MO,MO,MO
767,s5378a_3_2,3679,8372,212,MO,MO,MO,MO,MO
768,s5378a_7_4,3697,8448,212,MO,MO,MO,MO,MO
769,s713_15_7,596,1477,52,MO,MO,MO,MO,MO
770,s9234a_15_7,6382,14839,245,MO,MO,MO,MO,MO
771,s9234a_3_2,6295,14479,245,MO,MO,MO,MO,MO
772,s9234a_7_4,6313,14555,245,MO,MO,MO,MO,MO
773,sort.sk_8_52,12125,49611,50,MO,MO,MO,MO,MO
